location,date,vaccine,total_vaccinations
Chile,2020-12-24,Pfizer/BioNTech,420
Chile,2020-12-25,Pfizer/BioNTech,5198
Chile,2020-12-26,Pfizer/BioNTech,8338
Chile,2020-12-27,Pfizer/BioNTech,8649
Chile,2020-12-28,Pfizer/BioNTech,8649
Chile,2020-12-29,Pfizer/BioNTech,8649
Chile,2020-12-30,Pfizer/BioNTech,8649
Chile,2020-12-31,Pfizer/BioNTech,8649
Chile,2021-01-01,Pfizer/BioNTech,8649
Chile,2021-01-02,Pfizer/BioNTech,8649
Chile,2021-01-03,Pfizer/BioNTech,8649
Chile,2021-01-04,Pfizer/BioNTech,9054
Chile,2021-01-05,Pfizer/BioNTech,10497
Chile,2021-01-06,Pfizer/BioNTech,10702
Chile,2021-01-07,Pfizer/BioNTech,10702
Chile,2021-01-08,Pfizer/BioNTech,10702
Chile,2021-01-09,Pfizer/BioNTech,10702
Chile,2021-01-10,Pfizer/BioNTech,10702
Chile,2021-01-11,Pfizer/BioNTech,10702
Chile,2021-01-12,Pfizer/BioNTech,10702
Chile,2021-01-13,Pfizer/BioNTech,11732
Chile,2021-01-14,Pfizer/BioNTech,18646
Chile,2021-01-15,Pfizer/BioNTech,22077
Chile,2021-01-16,Pfizer/BioNTech,22167
Chile,2021-01-17,Pfizer/BioNTech,22167
Chile,2021-01-18,Pfizer/BioNTech,33212
Chile,2021-01-19,Pfizer/BioNTech,52569
Chile,2021-01-20,Pfizer/BioNTech,61878
Chile,2021-01-21,Pfizer/BioNTech,64939
Chile,2021-01-22,Pfizer/BioNTech,65351
Chile,2021-01-23,Pfizer/BioNTech,65351
Chile,2021-01-24,Pfizer/BioNTech,65351
Chile,2021-01-25,Pfizer/BioNTech,66771
Chile,2021-01-26,Pfizer/BioNTech,67387
Chile,2021-01-27,Pfizer/BioNTech,67422
Chile,2021-01-28,Pfizer/BioNTech,67422
Chile,2021-01-29,Pfizer/BioNTech,67427
Chile,2021-01-30,Pfizer/BioNTech,67428
Chile,2021-01-31,Pfizer/BioNTech,67428
Chile,2021-02-01,Pfizer/BioNTech,67428
Chile,2021-02-02,Pfizer/BioNTech,67434
Chile,2021-02-02,Sinovac,13191
Chile,2021-02-03,Pfizer/BioNTech,67434
Chile,2021-02-03,Sinovac,183550
Chile,2021-02-04,Pfizer/BioNTech,69562
Chile,2021-02-04,Sinovac,357557
Chile,2021-02-05,Pfizer/BioNTech,70250
Chile,2021-02-05,Sinovac,526219
Chile,2021-02-06,Pfizer/BioNTech,70255
Chile,2021-02-06,Sinovac,554070
Chile,2021-02-07,Pfizer/BioNTech,70256
Chile,2021-02-07,Sinovac,562707
Chile,2021-02-08,Pfizer/BioNTech,82046
Chile,2021-02-08,Sinovac,784121
Chile,2021-02-09,Pfizer/BioNTech,101500
Chile,2021-02-09,Sinovac,1026496
Chile,2021-02-10,Pfizer/BioNTech,109934
Chile,2021-02-10,Sinovac,1298875
Chile,2021-02-11,Pfizer/BioNTech,113003
Chile,2021-02-11,Sinovac,1549916
Chile,2021-02-12,Pfizer/BioNTech,113358
Chile,2021-02-12,Sinovac,1778996
Chile,2021-02-13,Pfizer/BioNTech,113392
Chile,2021-02-13,Sinovac,1808501
Chile,2021-02-14,Pfizer/BioNTech,113392
Chile,2021-02-14,Sinovac,1812966
Chile,2021-02-15,Pfizer/BioNTech,113393
Chile,2021-02-15,Sinovac,2078805
Chile,2021-02-16,Pfizer/BioNTech,113403
Chile,2021-02-16,Sinovac,2298782
Chile,2021-02-17,Pfizer/BioNTech,113403
Chile,2021-02-17,Sinovac,2486805
Chile,2021-02-18,Pfizer/BioNTech,113404
Chile,2021-02-18,Sinovac,2642046
Chile,2021-02-19,Pfizer/BioNTech,113404
Chile,2021-02-19,Sinovac,2784155
Chile,2021-02-20,Pfizer/BioNTech,113404
Chile,2021-02-20,Sinovac,2793794
Chile,2021-02-21,Pfizer/BioNTech,113404
Chile,2021-02-21,Sinovac,2794958
Chile,2021-02-22,Pfizer/BioNTech,125500
Chile,2021-02-22,Sinovac,2890991
Chile,2021-02-23,Pfizer/BioNTech,150348
Chile,2021-02-23,Sinovac,2960397
Chile,2021-02-24,Pfizer/BioNTech,178871
Chile,2021-02-24,Sinovac,3018115
Chile,2021-02-25,Pfizer/BioNTech,212586
Chile,2021-02-25,Sinovac,3070470
Chile,2021-02-26,Pfizer/BioNTech,242319
Chile,2021-02-26,Sinovac,3118962
Chile,2021-02-27,Pfizer/BioNTech,248643
Chile,2021-02-27,Sinovac,3122681
Chile,2021-02-28,Pfizer/BioNTech,248645
Chile,2021-02-28,Sinovac,3123034
Chile,2021-03-01,Pfizer/BioNTech,263549
Chile,2021-03-01,Sinovac,3245666
Chile,2021-03-02,Pfizer/BioNTech,294471
Chile,2021-03-02,Sinovac,3386098
Chile,2021-03-03,Pfizer/BioNTech,313028
Chile,2021-03-03,Sinovac,3679316
Chile,2021-03-04,Pfizer/BioNTech,322134
Chile,2021-03-04,Sinovac,3980624
Chile,2021-03-05,Pfizer/BioNTech,327888
Chile,2021-03-05,Sinovac,4272555
Chile,2021-03-06,Pfizer/BioNTech,328232
Chile,2021-03-06,Sinovac,4305975
Chile,2021-03-07,Pfizer/BioNTech,328338
Chile,2021-03-07,Sinovac,4313825
Chile,2021-03-08,Pfizer/BioNTech,340927
Chile,2021-03-08,Sinovac,4651652
Chile,2021-03-09,Pfizer/BioNTech,378519
Chile,2021-03-09,Sinovac,4990418
Chile,2021-03-10,Pfizer/BioNTech,420129
Chile,2021-03-10,Sinovac,5349928
Chile,2021-03-11,Pfizer/BioNTech,465822
Chile,2021-03-11,Sinovac,5720964
Chile,2021-03-12,Pfizer/BioNTech,483225
Chile,2021-03-12,Sinovac,6077707
Chile,2021-03-13,Pfizer/BioNTech,483779
Chile,2021-03-13,Sinovac,6127558
Chile,2021-03-14,Pfizer/BioNTech,483779
Chile,2021-03-14,Sinovac,6134134
Chile,2021-03-15,Pfizer/BioNTech,507671
Chile,2021-03-15,Sinovac,6540253
Chile,2021-03-16,Pfizer/BioNTech,561185
Chile,2021-03-16,Sinovac,6896583
Chile,2021-03-17,Pfizer/BioNTech,616694
Chile,2021-03-17,Sinovac,7208022
Chile,2021-03-18,Pfizer/BioNTech,666252
Chile,2021-03-18,Sinovac,7493205
Chile,2021-03-19,Pfizer/BioNTech,689414
Chile,2021-03-19,Sinovac,7764526
Chile,2021-03-20,Pfizer/BioNTech,691331
Chile,2021-03-20,Sinovac,7796797
Chile,2021-03-21,Pfizer/BioNTech,691341
Chile,2021-03-21,Sinovac,7800939
Chile,2021-03-22,Pfizer/BioNTech,727405
Chile,2021-03-22,Sinovac,8033112
Chile,2021-03-23,Pfizer/BioNTech,787265
Chile,2021-03-23,Sinovac,8213741
Chile,2021-03-24,Pfizer/BioNTech,840125
Chile,2021-03-24,Sinovac,8379352
Chile,2021-03-25,Pfizer/BioNTech,894704
Chile,2021-03-25,Sinovac,8537136
Chile,2021-03-26,Pfizer/BioNTech,932693
Chile,2021-03-26,Sinovac,8715793
Chile,2021-03-27,Pfizer/BioNTech,934721
Chile,2021-03-27,Sinovac,8729398
Chile,2021-03-28,Pfizer/BioNTech,934721
Chile,2021-03-28,Sinovac,8730786
Chile,2021-03-29,Pfizer/BioNTech,956735
Chile,2021-03-29,Sinovac,8975194
Chile,2021-03-30,Pfizer/BioNTech,1014180
Chile,2021-03-30,Sinovac,9196016
Chile,2021-03-31,Pfizer/BioNTech,1060312
Chile,2021-03-31,Sinovac,9429512
Chile,2021-04-01,Pfizer/BioNTech,1084074
Chile,2021-04-01,Sinovac,9708424
Chile,2021-04-02,Pfizer/BioNTech,1084293
Chile,2021-04-02,Sinovac,9715207
Chile,2021-04-03,Pfizer/BioNTech,1084483
Chile,2021-04-03,Sinovac,9718223
Chile,2021-04-04,Pfizer/BioNTech,1084483
Chile,2021-04-04,Sinovac,9719334
Chile,2021-04-05,Pfizer/BioNTech,1115469
Chile,2021-04-05,Sinovac,9972420
Chile,2021-04-06,Pfizer/BioNTech,1198199
Chile,2021-04-06,Sinovac,10129098
Chile,2021-04-07,Pfizer/BioNTech,1287270
Chile,2021-04-07,Sinovac,10272649
Chile,2021-04-08,Pfizer/BioNTech,1365313
Chile,2021-04-08,Sinovac,10433072
Chile,2021-04-09,Pfizer/BioNTech,1414348
Chile,2021-04-09,Sinovac,10602108
Chile,2021-04-10,Pfizer/BioNTech,1422051
Chile,2021-04-10,Sinovac,10620267
Chile,2021-04-11,Pfizer/BioNTech,1422555
Chile,2021-04-11,Sinovac,10622209
Chile,2021-04-12,Pfizer/BioNTech,1487209
Chile,2021-04-12,Sinovac,10793814
Chile,2021-04-13,Pfizer/BioNTech,1574834
Chile,2021-04-13,Sinovac,10939956
Chile,2021-04-14,Pfizer/BioNTech,1663493
Chile,2021-04-14,Sinovac,11078970
Chile,2021-04-15,Pfizer/BioNTech,1730579
Chile,2021-04-15,Sinovac,11216641
Chile,2021-04-16,Pfizer/BioNTech,1780861
Chile,2021-04-16,Sinovac,11357623
Chile,2021-04-17,Pfizer/BioNTech,1786680
Chile,2021-04-17,Sinovac,11373526
Czechia,2020-12-27,Pfizer/BioNTech,1250
Czechia,2020-12-28,Pfizer/BioNTech,3545
Czechia,2020-12-29,Pfizer/BioNTech,6988
Czechia,2020-12-30,Pfizer/BioNTech,10458
Czechia,2020-12-31,Pfizer/BioNTech,11763
Czechia,2021-01-01,Pfizer/BioNTech,12023
Czechia,2021-01-02,Pfizer/BioNTech,13272
Czechia,2021-01-03,Pfizer/BioNTech,14185
Czechia,2021-01-04,Pfizer/BioNTech,17751
Czechia,2021-01-05,Pfizer/BioNTech,22243
Czechia,2021-01-06,Pfizer/BioNTech,28055
Czechia,2021-01-07,Pfizer/BioNTech,36007
Czechia,2021-01-08,Pfizer/BioNTech,45930
Czechia,2021-01-09,Pfizer/BioNTech,47938
Czechia,2021-01-10,Pfizer/BioNTech,49661
Czechia,2021-01-11,Pfizer/BioNTech,59438
Czechia,2021-01-12,Pfizer/BioNTech,72787
Czechia,2021-01-13,Pfizer/BioNTech,86253
Czechia,2021-01-14,Moderna,1224
Czechia,2021-01-14,Pfizer/BioNTech,100190
Czechia,2021-01-15,Moderna,1981
Czechia,2021-01-15,Pfizer/BioNTech,113351
Czechia,2021-01-16,Moderna,2307
Czechia,2021-01-16,Pfizer/BioNTech,116398
Czechia,2021-01-17,Moderna,2396
Czechia,2021-01-17,Pfizer/BioNTech,119534
Czechia,2021-01-18,Moderna,2573
Czechia,2021-01-18,Pfizer/BioNTech,133534
Czechia,2021-01-19,Moderna,3347
Czechia,2021-01-19,Pfizer/BioNTech,147958
Czechia,2021-01-20,Moderna,4924
Czechia,2021-01-20,Pfizer/BioNTech,162534
Czechia,2021-01-21,Moderna,5880
Czechia,2021-01-21,Pfizer/BioNTech,178832
Czechia,2021-01-22,Moderna,6075
Czechia,2021-01-22,Pfizer/BioNTech,194396
Czechia,2021-01-23,Moderna,6115
Czechia,2021-01-23,Pfizer/BioNTech,198489
Czechia,2021-01-24,Moderna,6239
Czechia,2021-01-24,Pfizer/BioNTech,201465
Czechia,2021-01-25,Moderna,6436
Czechia,2021-01-25,Pfizer/BioNTech,213805
Czechia,2021-01-26,Moderna,6709
Czechia,2021-01-26,Pfizer/BioNTech,227964
Czechia,2021-01-27,Moderna,7009
Czechia,2021-01-27,Pfizer/BioNTech,241118
Czechia,2021-01-28,Moderna,7128
Czechia,2021-01-28,Pfizer/BioNTech,254105
Czechia,2021-01-29,Moderna,7279
Czechia,2021-01-29,Pfizer/BioNTech,267911
Czechia,2021-01-30,Moderna,7281
Czechia,2021-01-30,Pfizer/BioNTech,269705
Czechia,2021-01-31,Pfizer/BioNTech,271546
Czechia,2021-02-01,Moderna,7534
Czechia,2021-02-01,Pfizer/BioNTech,283088
Czechia,2021-02-02,Moderna,7861
Czechia,2021-02-02,Pfizer/BioNTech,297026
Czechia,2021-02-03,Moderna,8587
Czechia,2021-02-03,Pfizer/BioNTech,311619
Czechia,2021-02-04,Moderna,9722
Czechia,2021-02-04,Pfizer/BioNTech,328245
Czechia,2021-02-05,Moderna,10907
Czechia,2021-02-05,Pfizer/BioNTech,343078
Czechia,2021-02-06,Moderna,11163
Czechia,2021-02-06,Pfizer/BioNTech,345983
Czechia,2021-02-07,Moderna,11426
Czechia,2021-02-07,Pfizer/BioNTech,349032
Czechia,2021-02-08,Moderna,12331
Czechia,2021-02-08,Pfizer/BioNTech,363451
Czechia,2021-02-09,Moderna,13963
Czechia,2021-02-09,Pfizer/BioNTech,378685
Czechia,2021-02-10,Moderna,15703
Czechia,2021-02-10,Pfizer/BioNTech,395536
Czechia,2021-02-11,Moderna,19067
Czechia,2021-02-11,Oxford/AstraZeneca,230
Czechia,2021-02-11,Pfizer/BioNTech,414261
Czechia,2021-02-12,Moderna,21315
Czechia,2021-02-12,Oxford/AstraZeneca,624
Czechia,2021-02-12,Pfizer/BioNTech,432905
Czechia,2021-02-13,Moderna,21797
Czechia,2021-02-13,Oxford/AstraZeneca,1045
Czechia,2021-02-13,Pfizer/BioNTech,436522
Czechia,2021-02-14,Moderna,22045
Czechia,2021-02-14,Oxford/AstraZeneca,1247
Czechia,2021-02-14,Pfizer/BioNTech,438425
Czechia,2021-02-15,Moderna,23436
Czechia,2021-02-15,Oxford/AstraZeneca,2006
Czechia,2021-02-15,Pfizer/BioNTech,451931
Czechia,2021-02-16,Moderna,25901
Czechia,2021-02-16,Oxford/AstraZeneca,3140
Czechia,2021-02-16,Pfizer/BioNTech,465938
Czechia,2021-02-17,Moderna,28566
Czechia,2021-02-17,Oxford/AstraZeneca,5155
Czechia,2021-02-17,Pfizer/BioNTech,479060
Czechia,2021-02-18,Moderna,30912
Czechia,2021-02-18,Oxford/AstraZeneca,7112
Czechia,2021-02-18,Pfizer/BioNTech,494956
Czechia,2021-02-19,Moderna,32291
Czechia,2021-02-19,Oxford/AstraZeneca,8796
Czechia,2021-02-19,Pfizer/BioNTech,510818
Czechia,2021-02-20,Moderna,32294
Czechia,2021-02-20,Oxford/AstraZeneca,9422
Czechia,2021-02-20,Pfizer/BioNTech,513263
Czechia,2021-02-21,Moderna,32391
Czechia,2021-02-21,Oxford/AstraZeneca,9611
Czechia,2021-02-21,Pfizer/BioNTech,514997
Czechia,2021-02-22,Moderna,33388
Czechia,2021-02-22,Oxford/AstraZeneca,11212
Czechia,2021-02-22,Pfizer/BioNTech,528422
Czechia,2021-02-23,Moderna,34169
Czechia,2021-02-23,Oxford/AstraZeneca,13894
Czechia,2021-02-23,Pfizer/BioNTech,544634
Czechia,2021-02-24,Moderna,35493
Czechia,2021-02-24,Oxford/AstraZeneca,16805
Czechia,2021-02-24,Pfizer/BioNTech,560129
Czechia,2021-02-25,Moderna,36670
Czechia,2021-02-25,Oxford/AstraZeneca,21088
Czechia,2021-02-25,Pfizer/BioNTech,578009
Czechia,2021-02-26,Moderna,37451
Czechia,2021-02-26,Oxford/AstraZeneca,24358
Czechia,2021-02-26,Pfizer/BioNTech,595196
Czechia,2021-02-27,Moderna,37622
Czechia,2021-02-27,Oxford/AstraZeneca,24970
Czechia,2021-02-27,Pfizer/BioNTech,597887
Czechia,2021-02-28,Moderna,37814
Czechia,2021-02-28,Oxford/AstraZeneca,25432
Czechia,2021-02-28,Pfizer/BioNTech,600099
Czechia,2021-03-01,Moderna,39457
Czechia,2021-03-01,Oxford/AstraZeneca,29347
Czechia,2021-03-01,Pfizer/BioNTech,617228
Czechia,2021-03-02,Moderna,41312
Czechia,2021-03-02,Oxford/AstraZeneca,38433
Czechia,2021-03-02,Pfizer/BioNTech,636557
Czechia,2021-03-03,Moderna,45010
Czechia,2021-03-03,Oxford/AstraZeneca,47878
Czechia,2021-03-03,Pfizer/BioNTech,658185
Czechia,2021-03-04,Moderna,49656
Czechia,2021-03-04,Oxford/AstraZeneca,56847
Czechia,2021-03-04,Pfizer/BioNTech,681790
Czechia,2021-03-05,Moderna,53229
Czechia,2021-03-05,Oxford/AstraZeneca,64999
Czechia,2021-03-05,Pfizer/BioNTech,703806
Czechia,2021-03-06,Moderna,54614
Czechia,2021-03-06,Oxford/AstraZeneca,69366
Czechia,2021-03-06,Pfizer/BioNTech,710820
Czechia,2021-03-07,Moderna,55887
Czechia,2021-03-07,Oxford/AstraZeneca,73519
Czechia,2021-03-07,Pfizer/BioNTech,717560
Czechia,2021-03-08,Moderna,58956
Czechia,2021-03-08,Oxford/AstraZeneca,81271
Czechia,2021-03-08,Pfizer/BioNTech,740950
Czechia,2021-03-09,Moderna,64215
Czechia,2021-03-09,Oxford/AstraZeneca,92180
Czechia,2021-03-09,Pfizer/BioNTech,766911
Czechia,2021-03-10,Moderna,69167
Czechia,2021-03-10,Oxford/AstraZeneca,102793
Czechia,2021-03-10,Pfizer/BioNTech,799031
Czechia,2021-03-11,Moderna,73425
Czechia,2021-03-11,Oxford/AstraZeneca,114295
Czechia,2021-03-11,Pfizer/BioNTech,835869
Czechia,2021-03-12,Moderna,78798
Czechia,2021-03-12,Oxford/AstraZeneca,126310
Czechia,2021-03-12,Pfizer/BioNTech,865093
Czechia,2021-03-13,Moderna,80058
Czechia,2021-03-13,Oxford/AstraZeneca,129265
Czechia,2021-03-13,Pfizer/BioNTech,879066
Czechia,2021-03-14,Moderna,81190
Czechia,2021-03-14,Oxford/AstraZeneca,130167
Czechia,2021-03-14,Pfizer/BioNTech,890172
Czechia,2021-03-15,Moderna,87948
Czechia,2021-03-15,Oxford/AstraZeneca,138077
Czechia,2021-03-15,Pfizer/BioNTech,912167
Czechia,2021-03-16,Moderna,97070
Czechia,2021-03-16,Oxford/AstraZeneca,146574
Czechia,2021-03-16,Pfizer/BioNTech,943367
Czechia,2021-03-17,Moderna,104765
Czechia,2021-03-17,Oxford/AstraZeneca,155384
Czechia,2021-03-17,Pfizer/BioNTech,974352
Czechia,2021-03-18,Moderna,111886
Czechia,2021-03-18,Oxford/AstraZeneca,164413
Czechia,2021-03-18,Pfizer/BioNTech,1007965
Czechia,2021-03-19,Moderna,117916
Czechia,2021-03-19,Oxford/AstraZeneca,172967
Czechia,2021-03-19,Pfizer/BioNTech,1040774
Czechia,2021-03-20,Moderna,119053
Czechia,2021-03-20,Oxford/AstraZeneca,175337
Czechia,2021-03-20,Pfizer/BioNTech,1054205
Czechia,2021-03-21,Moderna,119358
Czechia,2021-03-21,Oxford/AstraZeneca,175790
Czechia,2021-03-21,Pfizer/BioNTech,1062293
Czechia,2021-03-22,Moderna,123438
Czechia,2021-03-22,Oxford/AstraZeneca,182498
Czechia,2021-03-22,Pfizer/BioNTech,1087721
Czechia,2021-03-23,Moderna,127177
Czechia,2021-03-23,Oxford/AstraZeneca,189954
Czechia,2021-03-23,Pfizer/BioNTech,1115739
Czechia,2021-03-24,Moderna,131281
Czechia,2021-03-24,Oxford/AstraZeneca,197513
Czechia,2021-03-24,Pfizer/BioNTech,1146078
Czechia,2021-03-25,Moderna,135302
Czechia,2021-03-25,Oxford/AstraZeneca,204881
Czechia,2021-03-25,Pfizer/BioNTech,1178403
Czechia,2021-03-26,Moderna,137800
Czechia,2021-03-26,Oxford/AstraZeneca,210403
Czechia,2021-03-26,Pfizer/BioNTech,1212041
Czechia,2021-03-27,Moderna,139035
Czechia,2021-03-27,Oxford/AstraZeneca,211235
Czechia,2021-03-27,Pfizer/BioNTech,1223033
Czechia,2021-03-28,Moderna,140582
Czechia,2021-03-28,Oxford/AstraZeneca,211328
Czechia,2021-03-28,Pfizer/BioNTech,1230938
Czechia,2021-03-29,Moderna,146499
Czechia,2021-03-29,Oxford/AstraZeneca,215000
Czechia,2021-03-29,Pfizer/BioNTech,1260612
Czechia,2021-03-30,Moderna,155299
Czechia,2021-03-30,Oxford/AstraZeneca,220231
Czechia,2021-03-30,Pfizer/BioNTech,1292884
Czechia,2021-03-31,Moderna,166115
Czechia,2021-03-31,Oxford/AstraZeneca,225072
Czechia,2021-03-31,Pfizer/BioNTech,1326538
Czechia,2021-04-01,Moderna,176558
Czechia,2021-04-01,Oxford/AstraZeneca,229375
Czechia,2021-04-01,Pfizer/BioNTech,1368401
Czechia,2021-04-02,Moderna,179085
Czechia,2021-04-02,Oxford/AstraZeneca,229873
Czechia,2021-04-02,Pfizer/BioNTech,1384712
Czechia,2021-04-03,Moderna,180801
Czechia,2021-04-03,Oxford/AstraZeneca,230050
Czechia,2021-04-03,Pfizer/BioNTech,1397104
Czechia,2021-04-04,Moderna,181992
Czechia,2021-04-04,Oxford/AstraZeneca,230051
Czechia,2021-04-04,Pfizer/BioNTech,1407059
Czechia,2021-04-05,Moderna,183369
Czechia,2021-04-05,Oxford/AstraZeneca,230116
Czechia,2021-04-05,Pfizer/BioNTech,1415004
Czechia,2021-04-06,Moderna,191724
Czechia,2021-04-06,Oxford/AstraZeneca,232957
Czechia,2021-04-06,Pfizer/BioNTech,1448524
Czechia,2021-04-07,Moderna,199994
Czechia,2021-04-07,Oxford/AstraZeneca,240686
Czechia,2021-04-07,Pfizer/BioNTech,1477226
Czechia,2021-04-08,Moderna,206028
Czechia,2021-04-08,Oxford/AstraZeneca,251545
Czechia,2021-04-08,Pfizer/BioNTech,1528113
Czechia,2021-04-09,Moderna,213357
Czechia,2021-04-09,Oxford/AstraZeneca,262206
Czechia,2021-04-09,Pfizer/BioNTech,1577450
Czechia,2021-04-10,Moderna,214870
Czechia,2021-04-10,Oxford/AstraZeneca,265555
Czechia,2021-04-10,Pfizer/BioNTech,1602680
Czechia,2021-04-11,Moderna,216002
Czechia,2021-04-11,Oxford/AstraZeneca,266044
Czechia,2021-04-11,Pfizer/BioNTech,1620501
Czechia,2021-04-12,Moderna,224367
Czechia,2021-04-12,Oxford/AstraZeneca,274400
Czechia,2021-04-12,Pfizer/BioNTech,1665339
Czechia,2021-04-13,Moderna,234772
Czechia,2021-04-13,Oxford/AstraZeneca,283345
Czechia,2021-04-13,Pfizer/BioNTech,1706529
Czechia,2021-04-14,Moderna,244991
Czechia,2021-04-14,Oxford/AstraZeneca,292939
Czechia,2021-04-14,Pfizer/BioNTech,1751333
Czechia,2021-04-15,Moderna,254026
Czechia,2021-04-15,Oxford/AstraZeneca,301545
Czechia,2021-04-15,Pfizer/BioNTech,1804773
Czechia,2021-04-16,Moderna,263099
Czechia,2021-04-16,Oxford/AstraZeneca,307832
Czechia,2021-04-16,Pfizer/BioNTech,1856354
Czechia,2021-04-17,Moderna,265453
Czechia,2021-04-17,Oxford/AstraZeneca,308409
Czechia,2021-04-17,Pfizer/BioNTech,1878152
Czechia,2021-04-18,Moderna,266324
Czechia,2021-04-18,Oxford/AstraZeneca,308528
Czechia,2021-04-18,Pfizer/BioNTech,1894274
Germany,2020-12-27,Moderna,0
Germany,2020-12-27,Oxford/AstraZeneca,0
Germany,2020-12-27,Pfizer/BioNTech,24296
Germany,2020-12-28,Moderna,0
Germany,2020-12-28,Oxford/AstraZeneca,0
Germany,2020-12-28,Pfizer/BioNTech,42679
Germany,2020-12-29,Moderna,0
Germany,2020-12-29,Oxford/AstraZeneca,0
Germany,2020-12-29,Pfizer/BioNTech,91810
Germany,2020-12-30,Moderna,0
Germany,2020-12-30,Oxford/AstraZeneca,0
Germany,2020-12-30,Pfizer/BioNTech,153640
Germany,2020-12-31,Moderna,0
Germany,2020-12-31,Oxford/AstraZeneca,0
Germany,2020-12-31,Pfizer/BioNTech,203325
Germany,2021-01-01,Moderna,0
Germany,2021-01-01,Oxford/AstraZeneca,1
Germany,2021-01-01,Pfizer/BioNTech,222595
Germany,2021-01-02,Moderna,0
Germany,2021-01-02,Oxford/AstraZeneca,1
Germany,2021-01-02,Pfizer/BioNTech,275453
Germany,2021-01-03,Moderna,0
Germany,2021-01-03,Oxford/AstraZeneca,1
Germany,2021-01-03,Pfizer/BioNTech,299604
Germany,2021-01-04,Moderna,0
Germany,2021-01-04,Oxford/AstraZeneca,1
Germany,2021-01-04,Pfizer/BioNTech,347953
Germany,2021-01-05,Moderna,1
Germany,2021-01-05,Oxford/AstraZeneca,1
Germany,2021-01-05,Pfizer/BioNTech,401449
Germany,2021-01-06,Moderna,7
Germany,2021-01-06,Oxford/AstraZeneca,3
Germany,2021-01-06,Pfizer/BioNTech,464438
Germany,2021-01-07,Moderna,11
Germany,2021-01-07,Oxford/AstraZeneca,3
Germany,2021-01-07,Pfizer/BioNTech,520569
Germany,2021-01-08,Moderna,59
Germany,2021-01-08,Oxford/AstraZeneca,3
Germany,2021-01-08,Pfizer/BioNTech,584112
Germany,2021-01-09,Moderna,59
Germany,2021-01-09,Oxford/AstraZeneca,3
Germany,2021-01-09,Pfizer/BioNTech,645341
Germany,2021-01-10,Moderna,59
Germany,2021-01-10,Oxford/AstraZeneca,3
Germany,2021-01-10,Pfizer/BioNTech,680479
Germany,2021-01-11,Moderna,60
Germany,2021-01-11,Oxford/AstraZeneca,3
Germany,2021-01-11,Pfizer/BioNTech,747182
Germany,2021-01-12,Moderna,60
Germany,2021-01-12,Oxford/AstraZeneca,5
Germany,2021-01-12,Pfizer/BioNTech,830129
Germany,2021-01-13,Moderna,857
Germany,2021-01-13,Oxford/AstraZeneca,5
Germany,2021-01-13,Pfizer/BioNTech,941018
Germany,2021-01-14,Moderna,5441
Germany,2021-01-14,Oxford/AstraZeneca,5
Germany,2021-01-14,Pfizer/BioNTech,1019625
Germany,2021-01-15,Moderna,10878
Germany,2021-01-15,Oxford/AstraZeneca,24
Germany,2021-01-15,Pfizer/BioNTech,1104931
Germany,2021-01-16,Moderna,12650
Germany,2021-01-16,Oxford/AstraZeneca,24
Germany,2021-01-16,Pfizer/BioNTech,1160549
Germany,2021-01-17,Moderna,13955
Germany,2021-01-17,Oxford/AstraZeneca,25
Germany,2021-01-17,Pfizer/BioNTech,1207082
Germany,2021-01-18,Moderna,17523
Germany,2021-01-18,Oxford/AstraZeneca,26
Germany,2021-01-18,Pfizer/BioNTech,1285326
Germany,2021-01-19,Moderna,20505
Germany,2021-01-19,Oxford/AstraZeneca,76
Germany,2021-01-19,Pfizer/BioNTech,1395967
Germany,2021-01-20,Moderna,23215
Germany,2021-01-20,Oxford/AstraZeneca,80
Germany,2021-01-20,Pfizer/BioNTech,1525168
Germany,2021-01-21,Moderna,25804
Germany,2021-01-21,Oxford/AstraZeneca,80
Germany,2021-01-21,Pfizer/BioNTech,1627075
Germany,2021-01-22,Moderna,27847
Germany,2021-01-22,Oxford/AstraZeneca,92
Germany,2021-01-22,Pfizer/BioNTech,1727094
Germany,2021-01-23,Moderna,28230
Germany,2021-01-23,Oxford/AstraZeneca,93
Germany,2021-01-23,Pfizer/BioNTech,1812337
Germany,2021-01-24,Moderna,28474
Germany,2021-01-24,Oxford/AstraZeneca,97
Germany,2021-01-24,Pfizer/BioNTech,1861588
Germany,2021-01-25,Moderna,30196
Germany,2021-01-25,Oxford/AstraZeneca,99
Germany,2021-01-25,Pfizer/BioNTech,1955886
Germany,2021-01-26,Moderna,31850
Germany,2021-01-26,Oxford/AstraZeneca,105
Germany,2021-01-26,Pfizer/BioNTech,2053713
Germany,2021-01-27,Moderna,33776
Germany,2021-01-27,Oxford/AstraZeneca,113
Germany,2021-01-27,Pfizer/BioNTech,2162798
Germany,2021-01-28,Moderna,35411
Germany,2021-01-28,Oxford/AstraZeneca,114
Germany,2021-01-28,Pfizer/BioNTech,2252379
Germany,2021-01-29,Moderna,36816
Germany,2021-01-29,Oxford/AstraZeneca,179
Germany,2021-01-29,Pfizer/BioNTech,2359457
Germany,2021-01-30,Moderna,37690
Germany,2021-01-30,Oxford/AstraZeneca,180
Germany,2021-01-30,Pfizer/BioNTech,2446024
Germany,2021-01-31,Moderna,38066
Germany,2021-01-31,Oxford/AstraZeneca,180
Germany,2021-01-31,Pfizer/BioNTech,2503457
Germany,2021-02-01,Moderna,40277
Germany,2021-02-01,Oxford/AstraZeneca,237
Germany,2021-02-01,Pfizer/BioNTech,2622717
Germany,2021-02-02,Moderna,43147
Germany,2021-02-02,Oxford/AstraZeneca,251
Germany,2021-02-02,Pfizer/BioNTech,2750402
Germany,2021-02-03,Moderna,49096
Germany,2021-02-03,Oxford/AstraZeneca,271
Germany,2021-02-03,Pfizer/BioNTech,2902912
Germany,2021-02-04,Moderna,54549
Germany,2021-02-04,Oxford/AstraZeneca,277
Germany,2021-02-04,Pfizer/BioNTech,3028669
Germany,2021-02-05,Moderna,60429
Germany,2021-02-05,Oxford/AstraZeneca,284
Germany,2021-02-05,Pfizer/BioNTech,3166575
Germany,2021-02-06,Moderna,62895
Germany,2021-02-06,Oxford/AstraZeneca,285
Germany,2021-02-06,Pfizer/BioNTech,3263566
Germany,2021-02-07,Moderna,65244
Germany,2021-02-07,Oxford/AstraZeneca,287
Germany,2021-02-07,Pfizer/BioNTech,3315067
Germany,2021-02-08,Moderna,69103
Germany,2021-02-08,Oxford/AstraZeneca,306
Germany,2021-02-08,Pfizer/BioNTech,3421233
Germany,2021-02-09,Moderna,72985
Germany,2021-02-09,Oxford/AstraZeneca,416
Germany,2021-02-09,Pfizer/BioNTech,3549791
Germany,2021-02-10,Moderna,76575
Germany,2021-02-10,Oxford/AstraZeneca,7451
Germany,2021-02-10,Pfizer/BioNTech,3688680
Germany,2021-02-11,Moderna,83524
Germany,2021-02-11,Oxford/AstraZeneca,22881
Germany,2021-02-11,Pfizer/BioNTech,3808424
Germany,2021-02-12,Moderna,93016
Germany,2021-02-12,Oxford/AstraZeneca,37113
Germany,2021-02-12,Pfizer/BioNTech,3941050
Germany,2021-02-13,Moderna,96051
Germany,2021-02-13,Oxford/AstraZeneca,49929
Germany,2021-02-13,Pfizer/BioNTech,4033217
Germany,2021-02-14,Moderna,98452
Germany,2021-02-14,Oxford/AstraZeneca,57280
Germany,2021-02-14,Pfizer/BioNTech,4088350
Germany,2021-02-15,Moderna,102849
Germany,2021-02-15,Oxford/AstraZeneca,72020
Germany,2021-02-15,Pfizer/BioNTech,4195797
Germany,2021-02-16,Moderna,108084
Germany,2021-02-16,Oxford/AstraZeneca,95505
Germany,2021-02-16,Pfizer/BioNTech,4301558
Germany,2021-02-17,Moderna,115605
Germany,2021-02-17,Oxford/AstraZeneca,115214
Germany,2021-02-17,Pfizer/BioNTech,4424225
Germany,2021-02-18,Moderna,123366
Germany,2021-02-18,Oxford/AstraZeneca,139611
Germany,2021-02-18,Pfizer/BioNTech,4535700
Germany,2021-02-19,Moderna,132794
Germany,2021-02-19,Oxford/AstraZeneca,164785
Germany,2021-02-19,Pfizer/BioNTech,4653733
Germany,2021-02-20,Moderna,137265
Germany,2021-02-20,Oxford/AstraZeneca,186409
Germany,2021-02-20,Pfizer/BioNTech,4741856
Germany,2021-02-21,Moderna,140493
Germany,2021-02-21,Oxford/AstraZeneca,201711
Germany,2021-02-21,Pfizer/BioNTech,4809147
Germany,2021-02-22,Moderna,149300
Germany,2021-02-22,Oxford/AstraZeneca,226662
Germany,2021-02-22,Pfizer/BioNTech,4936272
Germany,2021-02-23,Moderna,156123
Germany,2021-02-23,Oxford/AstraZeneca,254005
Germany,2021-02-23,Pfizer/BioNTech,5068725
Germany,2021-02-24,Moderna,163647
Germany,2021-02-24,Oxford/AstraZeneca,289261
Germany,2021-02-24,Pfizer/BioNTech,5200498
Germany,2021-02-25,Moderna,170166
Germany,2021-02-25,Oxford/AstraZeneca,340402
Germany,2021-02-25,Pfizer/BioNTech,5331641
Germany,2021-02-26,Moderna,178875
Germany,2021-02-26,Oxford/AstraZeneca,400631
Germany,2021-02-26,Pfizer/BioNTech,5470883
Germany,2021-02-27,Moderna,183066
Germany,2021-02-27,Oxford/AstraZeneca,452096
Germany,2021-02-27,Pfizer/BioNTech,5563694
Germany,2021-02-28,Moderna,187022
Germany,2021-02-28,Oxford/AstraZeneca,493905
Germany,2021-02-28,Pfizer/BioNTech,5626067
Germany,2021-03-01,Moderna,196028
Germany,2021-03-01,Oxford/AstraZeneca,550974
Germany,2021-03-01,Pfizer/BioNTech,5754679
Germany,2021-03-02,Moderna,205707
Germany,2021-03-02,Oxford/AstraZeneca,619606
Germany,2021-03-02,Pfizer/BioNTech,5895199
Germany,2021-03-03,Moderna,219044
Germany,2021-03-03,Oxford/AstraZeneca,692207
Germany,2021-03-03,Pfizer/BioNTech,6051669
Germany,2021-03-04,Moderna,232584
Germany,2021-03-04,Oxford/AstraZeneca,778300
Germany,2021-03-04,Pfizer/BioNTech,6194388
Germany,2021-03-05,Moderna,245395
Germany,2021-03-05,Oxford/AstraZeneca,885735
Germany,2021-03-05,Pfizer/BioNTech,6341434
Germany,2021-03-06,Moderna,253991
Germany,2021-03-06,Oxford/AstraZeneca,968716
Germany,2021-03-06,Pfizer/BioNTech,6452084
Germany,2021-03-07,Moderna,260726
Germany,2021-03-07,Oxford/AstraZeneca,1029850
Germany,2021-03-07,Pfizer/BioNTech,6534857
Germany,2021-03-08,Moderna,271727
Germany,2021-03-08,Oxford/AstraZeneca,1121535
Germany,2021-03-08,Pfizer/BioNTech,6670632
Germany,2021-03-09,Moderna,284410
Germany,2021-03-09,Oxford/AstraZeneca,1218819
Germany,2021-03-09,Pfizer/BioNTech,6810875
Germany,2021-03-10,Moderna,295955
Germany,2021-03-10,Oxford/AstraZeneca,1333077
Germany,2021-03-10,Pfizer/BioNTech,6968172
Germany,2021-03-11,Moderna,309089
Germany,2021-03-11,Oxford/AstraZeneca,1451720
Germany,2021-03-11,Pfizer/BioNTech,7117254
Germany,2021-03-12,Moderna,326386
Germany,2021-03-12,Oxford/AstraZeneca,1603572
Germany,2021-03-12,Pfizer/BioNTech,7269547
Germany,2021-03-13,Moderna,336024
Germany,2021-03-13,Oxford/AstraZeneca,1725254
Germany,2021-03-13,Pfizer/BioNTech,7384082
Germany,2021-03-14,Moderna,341166
Germany,2021-03-14,Oxford/AstraZeneca,1801531
Germany,2021-03-14,Pfizer/BioNTech,7473594
Germany,2021-03-15,Moderna,353487
Germany,2021-03-15,Oxford/AstraZeneca,1885083
Germany,2021-03-15,Pfizer/BioNTech,7625561
Germany,2021-03-16,Moderna,364466
Germany,2021-03-16,Oxford/AstraZeneca,1886990
Germany,2021-03-16,Pfizer/BioNTech,7793072
Germany,2021-03-17,Moderna,381579
Germany,2021-03-17,Oxford/AstraZeneca,1888387
Germany,2021-03-17,Pfizer/BioNTech,7979012
Germany,2021-03-18,Moderna,399137
Germany,2021-03-18,Oxford/AstraZeneca,1889958
Germany,2021-03-18,Pfizer/BioNTech,8154211
Germany,2021-03-19,Moderna,418860
Germany,2021-03-19,Oxford/AstraZeneca,1928290
Germany,2021-03-19,Pfizer/BioNTech,8337898
Germany,2021-03-20,Moderna,434068
Germany,2021-03-20,Oxford/AstraZeneca,1996178
Germany,2021-03-20,Pfizer/BioNTech,8473595
Germany,2021-03-21,Moderna,443247
Germany,2021-03-21,Oxford/AstraZeneca,2048430
Germany,2021-03-21,Pfizer/BioNTech,8577780
Germany,2021-03-22,Moderna,466772
Germany,2021-03-22,Oxford/AstraZeneca,2125009
Germany,2021-03-22,Pfizer/BioNTech,8742972
Germany,2021-03-23,Moderna,486414
Germany,2021-03-23,Oxford/AstraZeneca,2221981
Germany,2021-03-23,Pfizer/BioNTech,8923689
Germany,2021-03-24,Moderna,518951
Germany,2021-03-24,Oxford/AstraZeneca,2324663
Germany,2021-03-24,Pfizer/BioNTech,9120448
Germany,2021-03-25,Moderna,544870
Germany,2021-03-25,Oxford/AstraZeneca,2445566
Germany,2021-03-25,Pfizer/BioNTech,9307869
Germany,2021-03-26,Moderna,579758
Germany,2021-03-26,Oxford/AstraZeneca,2579277
Germany,2021-03-26,Pfizer/BioNTech,9509496
Germany,2021-03-27,Moderna,606851
Germany,2021-03-27,Oxford/AstraZeneca,2685520
Germany,2021-03-27,Pfizer/BioNTech,9660548
Germany,2021-03-28,Moderna,625371
Germany,2021-03-28,Oxford/AstraZeneca,2745513
Germany,2021-03-28,Pfizer/BioNTech,9777953
Germany,2021-03-29,Moderna,650441
Germany,2021-03-29,Oxford/AstraZeneca,2839755
Germany,2021-03-29,Pfizer/BioNTech,9965190
Germany,2021-03-30,Moderna,675841
Germany,2021-03-30,Oxford/AstraZeneca,2924693
Germany,2021-03-30,Pfizer/BioNTech,10179336
Germany,2021-03-31,Moderna,713214
Germany,2021-03-31,Oxford/AstraZeneca,2977046
Germany,2021-03-31,Pfizer/BioNTech,10427115
Germany,2021-04-01,Moderna,744798
Germany,2021-04-01,Oxford/AstraZeneca,3031606
Germany,2021-04-01,Pfizer/BioNTech,10659915
Germany,2021-04-02,Moderna,761256
Germany,2021-04-02,Oxford/AstraZeneca,3063132
Germany,2021-04-02,Pfizer/BioNTech,10841028
Germany,2021-04-03,Moderna,778313
Germany,2021-04-03,Oxford/AstraZeneca,3104208
Germany,2021-04-03,Pfizer/BioNTech,11012680
Germany,2021-04-04,Moderna,789405
Germany,2021-04-04,Oxford/AstraZeneca,3153769
Germany,2021-04-04,Pfizer/BioNTech,11147812
Germany,2021-04-05,Moderna,807292
Germany,2021-04-05,Oxford/AstraZeneca,3217175
Germany,2021-04-05,Pfizer/BioNTech,11316090
Germany,2021-04-06,Moderna,840192
Germany,2021-04-06,Oxford/AstraZeneca,3303900
Germany,2021-04-06,Pfizer/BioNTech,11573864
Germany,2021-04-07,Moderna,875539
Germany,2021-04-07,Oxford/AstraZeneca,3403143
Germany,2021-04-07,Pfizer/BioNTech,12113989
Germany,2021-04-08,Moderna,910075
Germany,2021-04-08,Oxford/AstraZeneca,3526647
Germany,2021-04-08,Pfizer/BioNTech,12683576
Germany,2021-04-09,Moderna,944535
Germany,2021-04-09,Oxford/AstraZeneca,3626058
Germany,2021-04-09,Pfizer/BioNTech,13169913
Germany,2021-04-10,Moderna,966813
Germany,2021-04-10,Oxford/AstraZeneca,3725186
Germany,2021-04-10,Pfizer/BioNTech,13413704
Germany,2021-04-11,Moderna,984783
Germany,2021-04-11,Oxford/AstraZeneca,3798900
Germany,2021-04-11,Pfizer/BioNTech,13579285
Germany,2021-04-12,Moderna,1012857
Germany,2021-04-12,Oxford/AstraZeneca,3906599
Germany,2021-04-12,Pfizer/BioNTech,13855742
Germany,2021-04-13,Moderna,1039052
Germany,2021-04-13,Oxford/AstraZeneca,4021460
Germany,2021-04-13,Pfizer/BioNTech,14282299
Germany,2021-04-14,Moderna,1069473
Germany,2021-04-14,Oxford/AstraZeneca,4143953
Germany,2021-04-14,Pfizer/BioNTech,14896528
Germany,2021-04-15,Moderna,1104366
Germany,2021-04-15,Oxford/AstraZeneca,4251916
Germany,2021-04-15,Pfizer/BioNTech,15418593
Germany,2021-04-16,Moderna,1131823
Germany,2021-04-16,Oxford/AstraZeneca,4373956
Germany,2021-04-16,Pfizer/BioNTech,15840702
Germany,2021-04-17,Moderna,1150626
Germany,2021-04-17,Oxford/AstraZeneca,4487352
Germany,2021-04-17,Pfizer/BioNTech,16051646
Germany,2021-04-18,Moderna,1163456
Germany,2021-04-18,Oxford/AstraZeneca,4566574
Germany,2021-04-18,Pfizer/BioNTech,16215677
Iceland,2020-12-29,Moderna,0
Iceland,2020-12-29,Oxford/AstraZeneca,0
Iceland,2020-12-29,Pfizer/BioNTech,2525
Iceland,2020-12-30,Moderna,0
Iceland,2020-12-30,Oxford/AstraZeneca,0
Iceland,2020-12-30,Pfizer/BioNTech,4941
Iceland,2020-12-31,Moderna,0
Iceland,2020-12-31,Oxford/AstraZeneca,0
Iceland,2020-12-31,Pfizer/BioNTech,4941
Iceland,2021-01-01,Moderna,0
Iceland,2021-01-01,Oxford/AstraZeneca,0
Iceland,2021-01-01,Pfizer/BioNTech,4941
Iceland,2021-01-02,Moderna,0
Iceland,2021-01-02,Oxford/AstraZeneca,0
Iceland,2021-01-02,Pfizer/BioNTech,4941
Iceland,2021-01-03,Moderna,0
Iceland,2021-01-03,Oxford/AstraZeneca,0
Iceland,2021-01-03,Pfizer/BioNTech,4941
Iceland,2021-01-04,Moderna,0
Iceland,2021-01-04,Oxford/AstraZeneca,0
Iceland,2021-01-04,Pfizer/BioNTech,4941
Iceland,2021-01-05,Moderna,0
Iceland,2021-01-05,Oxford/AstraZeneca,0
Iceland,2021-01-05,Pfizer/BioNTech,4948
Iceland,2021-01-06,Moderna,0
Iceland,2021-01-06,Oxford/AstraZeneca,0
Iceland,2021-01-06,Pfizer/BioNTech,4948
Iceland,2021-01-07,Moderna,0
Iceland,2021-01-07,Oxford/AstraZeneca,0
Iceland,2021-01-07,Pfizer/BioNTech,4948
Iceland,2021-01-08,Moderna,0
Iceland,2021-01-08,Oxford/AstraZeneca,0
Iceland,2021-01-08,Pfizer/BioNTech,4948
Iceland,2021-01-09,Moderna,0
Iceland,2021-01-09,Oxford/AstraZeneca,0
Iceland,2021-01-09,Pfizer/BioNTech,4948
Iceland,2021-01-10,Moderna,0
Iceland,2021-01-10,Oxford/AstraZeneca,0
Iceland,2021-01-10,Pfizer/BioNTech,4948
Iceland,2021-01-11,Moderna,0
Iceland,2021-01-11,Oxford/AstraZeneca,0
Iceland,2021-01-11,Pfizer/BioNTech,4948
Iceland,2021-01-12,Moderna,0
Iceland,2021-01-12,Oxford/AstraZeneca,0
Iceland,2021-01-12,Pfizer/BioNTech,4948
Iceland,2021-01-13,Moderna,501
Iceland,2021-01-13,Oxford/AstraZeneca,0
Iceland,2021-01-13,Pfizer/BioNTech,4948
Iceland,2021-01-14,Moderna,843
Iceland,2021-01-14,Oxford/AstraZeneca,0
Iceland,2021-01-14,Pfizer/BioNTech,4948
Iceland,2021-01-15,Moderna,1262
Iceland,2021-01-15,Oxford/AstraZeneca,0
Iceland,2021-01-15,Pfizer/BioNTech,4948
Iceland,2021-01-16,Moderna,1262
Iceland,2021-01-16,Oxford/AstraZeneca,0
Iceland,2021-01-16,Pfizer/BioNTech,4948
Iceland,2021-01-17,Moderna,1262
Iceland,2021-01-17,Oxford/AstraZeneca,0
Iceland,2021-01-17,Pfizer/BioNTech,4948
Iceland,2021-01-18,Moderna,1263
Iceland,2021-01-18,Oxford/AstraZeneca,0
Iceland,2021-01-18,Pfizer/BioNTech,4978
Iceland,2021-01-19,Moderna,1263
Iceland,2021-01-19,Oxford/AstraZeneca,0
Iceland,2021-01-19,Pfizer/BioNTech,6072
Iceland,2021-01-20,Moderna,1263
Iceland,2021-01-20,Oxford/AstraZeneca,0
Iceland,2021-01-20,Pfizer/BioNTech,7834
Iceland,2021-01-21,Moderna,1263
Iceland,2021-01-21,Oxford/AstraZeneca,1
Iceland,2021-01-21,Pfizer/BioNTech,11610
Iceland,2021-01-22,Moderna,1263
Iceland,2021-01-22,Oxford/AstraZeneca,1
Iceland,2021-01-22,Pfizer/BioNTech,13501
Iceland,2021-01-23,Moderna,1263
Iceland,2021-01-23,Oxford/AstraZeneca,1
Iceland,2021-01-23,Pfizer/BioNTech,14050
Iceland,2021-01-24,Moderna,1263
Iceland,2021-01-24,Oxford/AstraZeneca,1
Iceland,2021-01-24,Pfizer/BioNTech,14050
Iceland,2021-01-25,Moderna,1263
Iceland,2021-01-25,Oxford/AstraZeneca,1
Iceland,2021-01-25,Pfizer/BioNTech,14206
Iceland,2021-01-26,Moderna,1263
Iceland,2021-01-26,Oxford/AstraZeneca,1
Iceland,2021-01-26,Pfizer/BioNTech,14313
Iceland,2021-01-27,Moderna,1263
Iceland,2021-01-27,Oxford/AstraZeneca,1
Iceland,2021-01-27,Pfizer/BioNTech,14326
Iceland,2021-01-28,Moderna,1263
Iceland,2021-01-28,Oxford/AstraZeneca,1
Iceland,2021-01-28,Pfizer/BioNTech,14326
Iceland,2021-01-29,Moderna,1263
Iceland,2021-01-29,Oxford/AstraZeneca,1
Iceland,2021-01-29,Pfizer/BioNTech,14327
Iceland,2021-01-30,Moderna,1263
Iceland,2021-01-30,Oxford/AstraZeneca,1
Iceland,2021-01-30,Pfizer/BioNTech,14327
Iceland,2021-01-31,Moderna,1263
Iceland,2021-01-31,Oxford/AstraZeneca,1
Iceland,2021-01-31,Pfizer/BioNTech,14327
Iceland,2021-02-01,Moderna,1263
Iceland,2021-02-01,Oxford/AstraZeneca,1
Iceland,2021-02-01,Pfizer/BioNTech,14764
Iceland,2021-02-02,Moderna,1264
Iceland,2021-02-02,Oxford/AstraZeneca,1
Iceland,2021-02-02,Pfizer/BioNTech,15775
Iceland,2021-02-03,Moderna,1264
Iceland,2021-02-03,Oxford/AstraZeneca,1
Iceland,2021-02-03,Pfizer/BioNTech,16304
Iceland,2021-02-04,Moderna,1264
Iceland,2021-02-04,Oxford/AstraZeneca,1
Iceland,2021-02-04,Pfizer/BioNTech,16343
Iceland,2021-02-05,Moderna,1264
Iceland,2021-02-05,Oxford/AstraZeneca,1
Iceland,2021-02-05,Pfizer/BioNTech,16367
Iceland,2021-02-06,Moderna,1264
Iceland,2021-02-06,Oxford/AstraZeneca,1
Iceland,2021-02-06,Pfizer/BioNTech,16486
Iceland,2021-02-07,Moderna,1264
Iceland,2021-02-07,Oxford/AstraZeneca,1
Iceland,2021-02-07,Pfizer/BioNTech,16486
Iceland,2021-02-08,Moderna,1264
Iceland,2021-02-08,Oxford/AstraZeneca,1
Iceland,2021-02-08,Pfizer/BioNTech,16486
Iceland,2021-02-09,Moderna,1264
Iceland,2021-02-09,Oxford/AstraZeneca,1
Iceland,2021-02-09,Pfizer/BioNTech,16486
Iceland,2021-02-10,Moderna,1814
Iceland,2021-02-10,Oxford/AstraZeneca,1
Iceland,2021-02-10,Pfizer/BioNTech,16487
Iceland,2021-02-11,Moderna,1990
Iceland,2021-02-11,Oxford/AstraZeneca,1209
Iceland,2021-02-11,Pfizer/BioNTech,16487
Iceland,2021-02-12,Moderna,2198
Iceland,2021-02-12,Oxford/AstraZeneca,1209
Iceland,2021-02-12,Pfizer/BioNTech,16501
Iceland,2021-02-13,Moderna,2198
Iceland,2021-02-13,Oxford/AstraZeneca,1209
Iceland,2021-02-13,Pfizer/BioNTech,16501
Iceland,2021-02-14,Moderna,2198
Iceland,2021-02-14,Oxford/AstraZeneca,1209
Iceland,2021-02-14,Pfizer/BioNTech,16501
Iceland,2021-02-15,Moderna,2385
Iceland,2021-02-15,Oxford/AstraZeneca,1209
Iceland,2021-02-15,Pfizer/BioNTech,16501
Iceland,2021-02-16,Moderna,2584
Iceland,2021-02-16,Oxford/AstraZeneca,1253
Iceland,2021-02-16,Pfizer/BioNTech,17796
Iceland,2021-02-17,Moderna,3233
Iceland,2021-02-17,Oxford/AstraZeneca,1516
Iceland,2021-02-17,Pfizer/BioNTech,20223
Iceland,2021-02-18,Moderna,3574
Iceland,2021-02-18,Oxford/AstraZeneca,1595
Iceland,2021-02-18,Pfizer/BioNTech,20670
Iceland,2021-02-19,Moderna,3904
Iceland,2021-02-19,Oxford/AstraZeneca,2719
Iceland,2021-02-19,Pfizer/BioNTech,20854
Iceland,2021-02-20,Moderna,3904
Iceland,2021-02-20,Oxford/AstraZeneca,2719
Iceland,2021-02-20,Pfizer/BioNTech,21204
Iceland,2021-02-21,Moderna,3904
Iceland,2021-02-21,Oxford/AstraZeneca,2719
Iceland,2021-02-21,Pfizer/BioNTech,21204
Iceland,2021-02-22,Moderna,3904
Iceland,2021-02-22,Oxford/AstraZeneca,2836
Iceland,2021-02-22,Pfizer/BioNTech,21230
Iceland,2021-02-23,Moderna,3904
Iceland,2021-02-23,Oxford/AstraZeneca,3156
Iceland,2021-02-23,Pfizer/BioNTech,22601
Iceland,2021-02-24,Moderna,3904
Iceland,2021-02-24,Oxford/AstraZeneca,3726
Iceland,2021-02-24,Pfizer/BioNTech,23912
Iceland,2021-02-25,Moderna,3904
Iceland,2021-02-25,Oxford/AstraZeneca,3936
Iceland,2021-02-25,Pfizer/BioNTech,24429
Iceland,2021-02-26,Moderna,3904
Iceland,2021-02-26,Oxford/AstraZeneca,5157
Iceland,2021-02-26,Pfizer/BioNTech,24588
Iceland,2021-02-27,Moderna,3904
Iceland,2021-02-27,Oxford/AstraZeneca,5157
Iceland,2021-02-27,Pfizer/BioNTech,24747
Iceland,2021-02-28,Moderna,3904
Iceland,2021-02-28,Oxford/AstraZeneca,5157
Iceland,2021-02-28,Pfizer/BioNTech,24747
Iceland,2021-03-01,Moderna,3904
Iceland,2021-03-01,Oxford/AstraZeneca,5253
Iceland,2021-03-01,Pfizer/BioNTech,24747
Iceland,2021-03-02,Moderna,3905
Iceland,2021-03-02,Oxford/AstraZeneca,5379
Iceland,2021-03-02,Pfizer/BioNTech,27104
Iceland,2021-03-03,Moderna,3905
Iceland,2021-03-03,Oxford/AstraZeneca,5491
Iceland,2021-03-03,Pfizer/BioNTech,29856
Iceland,2021-03-04,Moderna,3906
Iceland,2021-03-04,Oxford/AstraZeneca,5856
Iceland,2021-03-04,Pfizer/BioNTech,30037
Iceland,2021-03-05,Moderna,3906
Iceland,2021-03-05,Oxford/AstraZeneca,8147
Iceland,2021-03-05,Pfizer/BioNTech,30037
Iceland,2021-03-06,Moderna,3906
Iceland,2021-03-06,Oxford/AstraZeneca,8147
Iceland,2021-03-06,Pfizer/BioNTech,30037
Iceland,2021-03-07,Moderna,3906
Iceland,2021-03-07,Oxford/AstraZeneca,8147
Iceland,2021-03-07,Pfizer/BioNTech,30037
Iceland,2021-03-08,Moderna,3906
Iceland,2021-03-08,Oxford/AstraZeneca,8150
Iceland,2021-03-08,Pfizer/BioNTech,30038
Iceland,2021-03-09,Moderna,3906
Iceland,2021-03-09,Oxford/AstraZeneca,8290
Iceland,2021-03-09,Pfizer/BioNTech,32713
Iceland,2021-03-10,Moderna,3906
Iceland,2021-03-10,Oxford/AstraZeneca,8895
Iceland,2021-03-10,Pfizer/BioNTech,33298
Iceland,2021-03-11,Moderna,3906
Iceland,2021-03-11,Oxford/AstraZeneca,9280
Iceland,2021-03-11,Pfizer/BioNTech,33722
Iceland,2021-03-12,Moderna,3906
Iceland,2021-03-12,Oxford/AstraZeneca,9280
Iceland,2021-03-12,Pfizer/BioNTech,33916
Iceland,2021-03-13,Moderna,3906
Iceland,2021-03-13,Oxford/AstraZeneca,9280
Iceland,2021-03-13,Pfizer/BioNTech,33916
Iceland,2021-03-14,Moderna,3906
Iceland,2021-03-14,Oxford/AstraZeneca,9280
Iceland,2021-03-14,Pfizer/BioNTech,33916
Iceland,2021-03-15,Moderna,3906
Iceland,2021-03-15,Oxford/AstraZeneca,9280
Iceland,2021-03-15,Pfizer/BioNTech,33935
Iceland,2021-03-16,Moderna,3906
Iceland,2021-03-16,Oxford/AstraZeneca,9280
Iceland,2021-03-16,Pfizer/BioNTech,37168
Iceland,2021-03-17,Moderna,4343
Iceland,2021-03-17,Oxford/AstraZeneca,9280
Iceland,2021-03-17,Pfizer/BioNTech,37695
Iceland,2021-03-18,Moderna,4623
Iceland,2021-03-18,Oxford/AstraZeneca,9280
Iceland,2021-03-18,Pfizer/BioNTech,38734
Iceland,2021-03-19,Moderna,4848
Iceland,2021-03-19,Oxford/AstraZeneca,9280
Iceland,2021-03-19,Pfizer/BioNTech,38920
Iceland,2021-03-20,Moderna,4848
Iceland,2021-03-20,Oxford/AstraZeneca,9280
Iceland,2021-03-20,Pfizer/BioNTech,38920
Iceland,2021-03-21,Moderna,4848
Iceland,2021-03-21,Oxford/AstraZeneca,9280
Iceland,2021-03-21,Pfizer/BioNTech,38921
Iceland,2021-03-22,Moderna,5075
Iceland,2021-03-22,Oxford/AstraZeneca,9280
Iceland,2021-03-22,Pfizer/BioNTech,40544
Iceland,2021-03-23,Moderna,5288
Iceland,2021-03-23,Oxford/AstraZeneca,9289
Iceland,2021-03-23,Pfizer/BioNTech,43489
Iceland,2021-03-24,Moderna,6715
Iceland,2021-03-24,Oxford/AstraZeneca,9289
Iceland,2021-03-24,Pfizer/BioNTech,43929
Iceland,2021-03-25,Moderna,6715
Iceland,2021-03-25,Oxford/AstraZeneca,9322
Iceland,2021-03-25,Pfizer/BioNTech,44371
Iceland,2021-03-26,Moderna,6715
Iceland,2021-03-26,Oxford/AstraZeneca,13963
Iceland,2021-03-26,Pfizer/BioNTech,44802
Iceland,2021-03-27,Moderna,6715
Iceland,2021-03-27,Oxford/AstraZeneca,13963
Iceland,2021-03-27,Pfizer/BioNTech,45187
Iceland,2021-03-28,Moderna,6715
Iceland,2021-03-28,Oxford/AstraZeneca,13963
Iceland,2021-03-28,Pfizer/BioNTech,45519
Iceland,2021-03-29,Moderna,6715
Iceland,2021-03-29,Oxford/AstraZeneca,14975
Iceland,2021-03-29,Pfizer/BioNTech,46379
Iceland,2021-03-30,Moderna,6715
Iceland,2021-03-30,Oxford/AstraZeneca,16436
Iceland,2021-03-30,Pfizer/BioNTech,49880
Iceland,2021-03-31,Moderna,6715
Iceland,2021-03-31,Oxford/AstraZeneca,17232
Iceland,2021-03-31,Pfizer/BioNTech,50713
Iceland,2021-04-01,Moderna,6715
Iceland,2021-04-01,Oxford/AstraZeneca,17232
Iceland,2021-04-01,Pfizer/BioNTech,50713
Iceland,2021-04-02,Moderna,6715
Iceland,2021-04-02,Oxford/AstraZeneca,17232
Iceland,2021-04-02,Pfizer/BioNTech,50713
Iceland,2021-04-03,Moderna,6715
Iceland,2021-04-03,Oxford/AstraZeneca,17232
Iceland,2021-04-03,Pfizer/BioNTech,50713
Iceland,2021-04-04,Moderna,6715
Iceland,2021-04-04,Oxford/AstraZeneca,17232
Iceland,2021-04-04,Pfizer/BioNTech,50713
Iceland,2021-04-05,Moderna,6715
Iceland,2021-04-05,Oxford/AstraZeneca,17232
Iceland,2021-04-05,Pfizer/BioNTech,50713
Iceland,2021-04-06,Moderna,6715
Iceland,2021-04-06,Oxford/AstraZeneca,17232
Iceland,2021-04-06,Pfizer/BioNTech,50713
Iceland,2021-04-07,Moderna,6715
Iceland,2021-04-07,Oxford/AstraZeneca,18054
Iceland,2021-04-07,Pfizer/BioNTech,55002
Iceland,2021-04-08,Moderna,6715
Iceland,2021-04-08,Oxford/AstraZeneca,22356
Iceland,2021-04-08,Pfizer/BioNTech,57340
Iceland,2021-04-09,Moderna,8153
Iceland,2021-04-09,Oxford/AstraZeneca,22726
Iceland,2021-04-09,Pfizer/BioNTech,57833
Iceland,2021-04-10,Moderna,8153
Iceland,2021-04-10,Oxford/AstraZeneca,23239
Iceland,2021-04-10,Pfizer/BioNTech,57851
Iceland,2021-04-11,Moderna,8153
Iceland,2021-04-11,Oxford/AstraZeneca,23239
Iceland,2021-04-11,Pfizer/BioNTech,57851
Iceland,2021-04-12,Moderna,8153
Iceland,2021-04-12,Oxford/AstraZeneca,23261
Iceland,2021-04-12,Pfizer/BioNTech,57851
Iceland,2021-04-13,Moderna,8153
Iceland,2021-04-13,Oxford/AstraZeneca,23281
Iceland,2021-04-13,Pfizer/BioNTech,64029
Iceland,2021-04-14,Moderna,8153
Iceland,2021-04-14,Oxford/AstraZeneca,23783
Iceland,2021-04-14,Pfizer/BioNTech,65483
Iceland,2021-04-15,Moderna,8153
Iceland,2021-04-15,Oxford/AstraZeneca,23898
Iceland,2021-04-15,Pfizer/BioNTech,66621
Italy,2020-12-27,Pfizer/BioNTech,7169
Italy,2020-12-28,Pfizer/BioNTech,8590
Italy,2020-12-29,Pfizer/BioNTech,9595
Italy,2020-12-30,Pfizer/BioNTech,14322
Italy,2020-12-31,Pfizer/BioNTech,39798
Italy,2021-01-01,Pfizer/BioNTech,50852
Italy,2021-01-02,Pfizer/BioNTech,89368
Italy,2021-01-03,Pfizer/BioNTech,124528
Italy,2021-01-04,Pfizer/BioNTech,193266
Italy,2021-01-05,Pfizer/BioNTech,272958
Italy,2021-01-06,Pfizer/BioNTech,338143
Italy,2021-01-07,Pfizer/BioNTech,430380
Italy,2021-01-08,Moderna,1
Italy,2021-01-08,Pfizer/BioNTech,525959
Italy,2021-01-09,Pfizer/BioNTech,612910
Italy,2021-01-10,Pfizer/BioNTech,673259
Italy,2021-01-11,Pfizer/BioNTech,754178
Italy,2021-01-12,Pfizer/BioNTech,836163
Italy,2021-01-13,Moderna,2
Italy,2021-01-13,Pfizer/BioNTech,930551
Italy,2021-01-14,Moderna,86
Italy,2021-01-14,Pfizer/BioNTech,1023963
Italy,2021-01-15,Moderna,1180
Italy,2021-01-15,Pfizer/BioNTech,1112148
Italy,2021-01-16,Moderna,2090
Italy,2021-01-16,Pfizer/BioNTech,1175964
Italy,2021-01-17,Moderna,2383
Italy,2021-01-17,Pfizer/BioNTech,1212507
Italy,2021-01-18,Moderna,3601
Italy,2021-01-18,Pfizer/BioNTech,1254701
Italy,2021-01-19,Moderna,5692
Italy,2021-01-19,Pfizer/BioNTech,1285149
Italy,2021-01-20,Moderna,8969
Italy,2021-01-20,Pfizer/BioNTech,1312118
Italy,2021-01-21,Moderna,11761
Italy,2021-01-21,Pfizer/BioNTech,1344532
Italy,2021-01-22,Moderna,13497
Italy,2021-01-22,Oxford/AstraZeneca,3
Italy,2021-01-22,Pfizer/BioNTech,1369079
Italy,2021-01-23,Moderna,14497
Italy,2021-01-23,Pfizer/BioNTech,1406525
Italy,2021-01-24,Moderna,15291
Italy,2021-01-24,Pfizer/BioNTech,1439445
Italy,2021-01-25,Moderna,15889
Italy,2021-01-25,Pfizer/BioNTech,1507561
Italy,2021-01-26,Moderna,16636
Italy,2021-01-26,Pfizer/BioNTech,1586687
Italy,2021-01-27,Moderna,17256
Italy,2021-01-27,Pfizer/BioNTech,1656598
Italy,2021-01-28,Moderna,18030
Italy,2021-01-28,Pfizer/BioNTech,1749022
Italy,2021-01-29,Moderna,18838
Italy,2021-01-29,Pfizer/BioNTech,1845645
Italy,2021-01-30,Moderna,19304
Italy,2021-01-30,Oxford/AstraZeneca,4
Italy,2021-01-30,Pfizer/BioNTech,1935107
Italy,2021-01-31,Moderna,19501
Italy,2021-01-31,Pfizer/BioNTech,1994312
Italy,2021-02-01,Moderna,20052
Italy,2021-02-01,Oxford/AstraZeneca,5
Italy,2021-02-01,Pfizer/BioNTech,2079266
Italy,2021-02-02,Moderna,21164
Italy,2021-02-02,Oxford/AstraZeneca,15
Italy,2021-02-02,Pfizer/BioNTech,2165860
Italy,2021-02-03,Moderna,22568
Italy,2021-02-03,Pfizer/BioNTech,2263762
Italy,2021-02-04,Moderna,24211
Italy,2021-02-04,Pfizer/BioNTech,2368935
Italy,2021-02-05,Moderna,27436
Italy,2021-02-05,Oxford/AstraZeneca,17
Italy,2021-02-05,Pfizer/BioNTech,2472272
Italy,2021-02-06,Moderna,29527
Italy,2021-02-06,Pfizer/BioNTech,2546848
Italy,2021-02-07,Moderna,30119
Italy,2021-02-07,Oxford/AstraZeneca,18
Italy,2021-02-07,Pfizer/BioNTech,2587800
Italy,2021-02-08,Moderna,32731
Italy,2021-02-08,Oxford/AstraZeneca,19
Italy,2021-02-08,Pfizer/BioNTech,2651448
Italy,2021-02-09,Moderna,36077
Italy,2021-02-09,Pfizer/BioNTech,2714372
Italy,2021-02-10,Moderna,38895
Italy,2021-02-10,Oxford/AstraZeneca,20
Italy,2021-02-10,Pfizer/BioNTech,2783745
Italy,2021-02-11,Moderna,42025
Italy,2021-02-11,Oxford/AstraZeneca,2921
Italy,2021-02-11,Pfizer/BioNTech,2851973
Italy,2021-02-12,Moderna,46150
Italy,2021-02-12,Oxford/AstraZeneca,7408
Italy,2021-02-12,Pfizer/BioNTech,2916593
Italy,2021-02-13,Moderna,50032
Italy,2021-02-13,Oxford/AstraZeneca,12660
Italy,2021-02-13,Pfizer/BioNTech,2959822
Italy,2021-02-14,Moderna,51233
Italy,2021-02-14,Oxford/AstraZeneca,19710
Italy,2021-02-14,Pfizer/BioNTech,2980840
Italy,2021-02-15,Moderna,55364
Italy,2021-02-15,Oxford/AstraZeneca,26679
Italy,2021-02-15,Pfizer/BioNTech,3032149
Italy,2021-02-16,Moderna,62043
Italy,2021-02-16,Oxford/AstraZeneca,35934
Italy,2021-02-16,Pfizer/BioNTech,3086955
Italy,2021-02-17,Moderna,69781
Italy,2021-02-17,Oxford/AstraZeneca,48528
Italy,2021-02-17,Pfizer/BioNTech,3146212
Italy,2021-02-18,Moderna,76811
Italy,2021-02-18,Oxford/AstraZeneca,65908
Italy,2021-02-18,Pfizer/BioNTech,3211034
Italy,2021-02-19,Moderna,83765
Italy,2021-02-19,Oxford/AstraZeneca,84961
Italy,2021-02-19,Pfizer/BioNTech,3277015
Italy,2021-02-20,Moderna,90153
Italy,2021-02-20,Oxford/AstraZeneca,103935
Italy,2021-02-20,Pfizer/BioNTech,3329255
Italy,2021-02-21,Moderna,95599
Italy,2021-02-21,Oxford/AstraZeneca,114574
Italy,2021-02-21,Pfizer/BioNTech,3363922
Italy,2021-02-22,Moderna,101511
Italy,2021-02-22,Oxford/AstraZeneca,137874
Italy,2021-02-22,Pfizer/BioNTech,3439923
Italy,2021-02-23,Moderna,106792
Italy,2021-02-23,Oxford/AstraZeneca,162640
Italy,2021-02-23,Pfizer/BioNTech,3516145
Italy,2021-02-24,Moderna,113025
Italy,2021-02-24,Oxford/AstraZeneca,189793
Italy,2021-02-24,Pfizer/BioNTech,3604673
Italy,2021-02-25,Moderna,119224
Italy,2021-02-25,Oxford/AstraZeneca,221325
Italy,2021-02-25,Pfizer/BioNTech,3695039
Italy,2021-02-26,Moderna,124946
Italy,2021-02-26,Oxford/AstraZeneca,261486
Italy,2021-02-26,Pfizer/BioNTech,3785037
Italy,2021-02-27,Moderna,131928
Italy,2021-02-27,Oxford/AstraZeneca,306020
Italy,2021-02-27,Pfizer/BioNTech,3859711
Italy,2021-02-28,Moderna,134622
Italy,2021-02-28,Oxford/AstraZeneca,332416
Italy,2021-02-28,Pfizer/BioNTech,3908572
Italy,2021-03-01,Moderna,141693
Italy,2021-03-01,Oxford/AstraZeneca,372251
Italy,2021-03-01,Pfizer/BioNTech,3996697
Italy,2021-03-02,Moderna,149194
Italy,2021-03-02,Oxford/AstraZeneca,427760
Italy,2021-03-02,Pfizer/BioNTech,4093653
Italy,2021-03-03,Moderna,159188
Italy,2021-03-03,Oxford/AstraZeneca,484550
Italy,2021-03-03,Pfizer/BioNTech,4212146
Italy,2021-03-04,Moderna,170148
Italy,2021-03-04,Oxford/AstraZeneca,543430
Italy,2021-03-04,Pfizer/BioNTech,4337517
Italy,2021-03-05,Moderna,182371
Italy,2021-03-05,Oxford/AstraZeneca,607106
Italy,2021-03-05,Pfizer/BioNTech,4464267
Italy,2021-03-06,Moderna,195504
Italy,2021-03-06,Oxford/AstraZeneca,669667
Italy,2021-03-06,Pfizer/BioNTech,4564438
Italy,2021-03-07,Moderna,203222
Italy,2021-03-07,Oxford/AstraZeneca,705304
Italy,2021-03-07,Pfizer/BioNTech,4622017
Italy,2021-03-08,Moderna,215524
Italy,2021-03-08,Oxford/AstraZeneca,762178
Italy,2021-03-08,Pfizer/BioNTech,4730893
Italy,2021-03-09,Moderna,227842
Italy,2021-03-09,Oxford/AstraZeneca,821617
Italy,2021-03-09,Pfizer/BioNTech,4849997
Italy,2021-03-10,Moderna,238819
Italy,2021-03-10,Oxford/AstraZeneca,884663
Italy,2021-03-10,Pfizer/BioNTech,4987337
Italy,2021-03-11,Moderna,250908
Italy,2021-03-11,Oxford/AstraZeneca,952013
Italy,2021-03-11,Pfizer/BioNTech,5126622
Italy,2021-03-12,Moderna,260710
Italy,2021-03-12,Oxford/AstraZeneca,1021417
Italy,2021-03-12,Pfizer/BioNTech,5255619
Italy,2021-03-13,Moderna,271779
Italy,2021-03-13,Oxford/AstraZeneca,1087494
Italy,2021-03-13,Pfizer/BioNTech,5353814
Italy,2021-03-14,Moderna,278694
Italy,2021-03-14,Oxford/AstraZeneca,1127738
Italy,2021-03-14,Pfizer/BioNTech,5411971
Italy,2021-03-15,Moderna,289617
Italy,2021-03-15,Oxford/AstraZeneca,1174606
Italy,2021-03-15,Pfizer/BioNTech,5524579
Italy,2021-03-16,Moderna,301708
Italy,2021-03-16,Oxford/AstraZeneca,1175019
Italy,2021-03-16,Pfizer/BioNTech,5651870
Italy,2021-03-17,Moderna,312947
Italy,2021-03-17,Oxford/AstraZeneca,1175332
Italy,2021-03-17,Pfizer/BioNTech,5805051
Italy,2021-03-18,Moderna,325786
Italy,2021-03-18,Oxford/AstraZeneca,1175494
Italy,2021-03-18,Pfizer/BioNTech,5954718
Italy,2021-03-19,Moderna,336889
Italy,2021-03-19,Oxford/AstraZeneca,1193319
Italy,2021-03-19,Pfizer/BioNTech,6100053
Italy,2021-03-20,Moderna,349315
Italy,2021-03-20,Oxford/AstraZeneca,1242535
Italy,2021-03-20,Pfizer/BioNTech,6212238
Italy,2021-03-21,Moderna,358758
Italy,2021-03-21,Oxford/AstraZeneca,1286492
Italy,2021-03-21,Pfizer/BioNTech,6288139
Italy,2021-03-22,Moderna,370464
Italy,2021-03-22,Oxford/AstraZeneca,1353681
Italy,2021-03-22,Pfizer/BioNTech,6400235
Italy,2021-03-23,Moderna,383835
Italy,2021-03-23,Oxford/AstraZeneca,1429443
Italy,2021-03-23,Pfizer/BioNTech,6531488
Italy,2021-03-24,Moderna,399226
Italy,2021-03-24,Oxford/AstraZeneca,1502394
Italy,2021-03-24,Pfizer/BioNTech,6693825
Italy,2021-03-25,Moderna,417081
Italy,2021-03-25,Oxford/AstraZeneca,1579716
Italy,2021-03-25,Pfizer/BioNTech,6861116
Italy,2021-03-26,Moderna,435870
Italy,2021-03-26,Oxford/AstraZeneca,1658294
Italy,2021-03-26,Pfizer/BioNTech,7027900
Italy,2021-03-27,Moderna,464297
Italy,2021-03-27,Oxford/AstraZeneca,1724966
Italy,2021-03-27,Pfizer/BioNTech,7170186
Italy,2021-03-28,Moderna,481341
Italy,2021-03-28,Oxford/AstraZeneca,1779915
Italy,2021-03-28,Pfizer/BioNTech,7259492
Italy,2021-03-29,Moderna,505640
Italy,2021-03-29,Oxford/AstraZeneca,1848944
Italy,2021-03-29,Pfizer/BioNTech,7403982
Italy,2021-03-30,Moderna,534162
Italy,2021-03-30,Oxford/AstraZeneca,1919537
Italy,2021-03-30,Pfizer/BioNTech,7567016
Italy,2021-03-31,Moderna,557007
Italy,2021-03-31,Oxford/AstraZeneca,1987049
Italy,2021-03-31,Pfizer/BioNTech,7775608
Italy,2021-04-01,Moderna,581741
Italy,2021-04-01,Oxford/AstraZeneca,2038995
Italy,2021-04-01,Pfizer/BioNTech,7979089
Italy,2021-04-02,Moderna,611620
Italy,2021-04-02,Oxford/AstraZeneca,2103065
Italy,2021-04-02,Pfizer/BioNTech,8161407
Italy,2021-04-03,Moderna,647142
Italy,2021-04-03,Oxford/AstraZeneca,2148406
Italy,2021-04-03,Pfizer/BioNTech,8305868
Italy,2021-04-04,Moderna,659184
Italy,2021-04-04,Oxford/AstraZeneca,2186499
Italy,2021-04-04,Pfizer/BioNTech,8351549
Italy,2021-04-05,Moderna,679145
Italy,2021-04-05,Oxford/AstraZeneca,2245170
Italy,2021-04-05,Pfizer/BioNTech,8442431
Italy,2021-04-06,Moderna,718097
Italy,2021-04-06,Oxford/AstraZeneca,2327872
Italy,2021-04-06,Pfizer/BioNTech,8599435
Italy,2021-04-07,Moderna,747025
Italy,2021-04-07,Oxford/AstraZeneca,2406925
Italy,2021-04-07,Pfizer/BioNTech,8808690
Italy,2021-04-08,Moderna,779154
Italy,2021-04-08,Oxford/AstraZeneca,2461340
Italy,2021-04-08,Pfizer/BioNTech,9046237
Italy,2021-04-09,Moderna,813341
Italy,2021-04-09,Oxford/AstraZeneca,2512700
Italy,2021-04-09,Pfizer/BioNTech,9288049
Italy,2021-04-10,Moderna,851748
Italy,2021-04-10,Oxford/AstraZeneca,2572500
Italy,2021-04-10,Pfizer/BioNTech,9502652
Italy,2021-04-11,Moderna,869006
Italy,2021-04-11,Oxford/AstraZeneca,2609545
Italy,2021-04-11,Pfizer/BioNTech,9646881
Italy,2021-04-12,Moderna,892756
Italy,2021-04-12,Oxford/AstraZeneca,2687051
Italy,2021-04-12,Pfizer/BioNTech,9807698
Italy,2021-04-13,Moderna,918827
Italy,2021-04-13,Oxford/AstraZeneca,2780746
Italy,2021-04-13,Pfizer/BioNTech,9968352
Italy,2021-04-14,Moderna,943981
Italy,2021-04-14,Oxford/AstraZeneca,2878188
Italy,2021-04-14,Pfizer/BioNTech,10155970
Italy,2021-04-15,Moderna,966840
Italy,2021-04-15,Oxford/AstraZeneca,2964661
Italy,2021-04-15,Pfizer/BioNTech,10380784
Italy,2021-04-16,Moderna,985886
Italy,2021-04-16,Oxford/AstraZeneca,3069216
Italy,2021-04-16,Pfizer/BioNTech,10619009
Italy,2021-04-17,Moderna,1004226
Italy,2021-04-17,Oxford/AstraZeneca,3174775
Italy,2021-04-17,Pfizer/BioNTech,10834442
Italy,2021-04-18,Moderna,1015793
Italy,2021-04-18,Oxford/AstraZeneca,3245109
Italy,2021-04-18,Pfizer/BioNTech,10983078
Latvia,2020-12-28,Pfizer/BioNTech,596
Latvia,2020-12-29,Pfizer/BioNTech,1469
Latvia,2020-12-30,Pfizer/BioNTech,2260
Latvia,2021-01-04,Pfizer/BioNTech,2959
Latvia,2021-01-05,Pfizer/BioNTech,3848
Latvia,2021-01-06,Pfizer/BioNTech,4624
Latvia,2021-01-07,Pfizer/BioNTech,5433
Latvia,2021-01-08,Pfizer/BioNTech,6339
Latvia,2021-01-09,Pfizer/BioNTech,6644
Latvia,2021-01-10,Pfizer/BioNTech,6980
Latvia,2021-01-11,Pfizer/BioNTech,8347
Latvia,2021-01-12,Pfizer/BioNTech,9974
Latvia,2021-01-13,Moderna,130
Latvia,2021-01-13,Pfizer/BioNTech,11355
Latvia,2021-01-14,Moderna,552
Latvia,2021-01-14,Pfizer/BioNTech,12755
Latvia,2021-01-15,Moderna,912
Latvia,2021-01-15,Pfizer/BioNTech,14268
Latvia,2021-01-16,Moderna,942
Latvia,2021-01-16,Pfizer/BioNTech,14906
Latvia,2021-01-17,Pfizer/BioNTech,15023
Latvia,2021-01-18,Moderna,1086
Latvia,2021-01-18,Pfizer/BioNTech,15723
Latvia,2021-01-19,Moderna,1147
Latvia,2021-01-19,Pfizer/BioNTech,16538
Latvia,2021-01-20,Moderna,1157
Latvia,2021-01-20,Pfizer/BioNTech,17298
Latvia,2021-01-21,Pfizer/BioNTech,17577
Latvia,2021-01-22,Moderna,1177
Latvia,2021-01-22,Pfizer/BioNTech,17772
Latvia,2021-01-23,Pfizer/BioNTech,17898
Latvia,2021-01-25,Pfizer/BioNTech,18565
Latvia,2021-01-26,Moderna,1188
Latvia,2021-01-26,Pfizer/BioNTech,19402
Latvia,2021-01-27,Pfizer/BioNTech,20220
Latvia,2021-01-28,Pfizer/BioNTech,21001
Latvia,2021-01-29,Moderna,1199
Latvia,2021-01-29,Pfizer/BioNTech,21952
Latvia,2021-01-30,Pfizer/BioNTech,22260
Latvia,2021-01-31,Pfizer/BioNTech,22594
Latvia,2021-02-01,Pfizer/BioNTech,23781
Latvia,2021-02-02,Moderna,1319
Latvia,2021-02-02,Oxford/AstraZeneca,1
Latvia,2021-02-02,Pfizer/BioNTech,25470
Latvia,2021-02-03,Moderna,1539
Latvia,2021-02-03,Pfizer/BioNTech,26872
Latvia,2021-02-04,Moderna,1650
Latvia,2021-02-04,Pfizer/BioNTech,28264
Latvia,2021-02-05,Moderna,1740
Latvia,2021-02-05,Pfizer/BioNTech,29841
Latvia,2021-02-06,Pfizer/BioNTech,30407
Latvia,2021-02-07,Pfizer/BioNTech,30532
Latvia,2021-02-08,Moderna,1780
Latvia,2021-02-08,Pfizer/BioNTech,30903
Latvia,2021-02-09,Moderna,1800
Latvia,2021-02-09,Oxford/AstraZeneca,21
Latvia,2021-02-09,Pfizer/BioNTech,31047
Latvia,2021-02-10,Moderna,1927
Latvia,2021-02-10,Oxford/AstraZeneca,436
Latvia,2021-02-10,Pfizer/BioNTech,31133
Latvia,2021-02-11,Moderna,2309
Latvia,2021-02-11,Oxford/AstraZeneca,1529
Latvia,2021-02-11,Pfizer/BioNTech,31441
Latvia,2021-02-12,Moderna,2648
Latvia,2021-02-12,Oxford/AstraZeneca,2693
Latvia,2021-02-12,Pfizer/BioNTech,31667
Latvia,2021-02-13,Moderna,2698
Latvia,2021-02-13,Oxford/AstraZeneca,2915
Latvia,2021-02-13,Pfizer/BioNTech,31796
Latvia,2021-02-14,Moderna,2718
Latvia,2021-02-14,Oxford/AstraZeneca,2916
Latvia,2021-02-15,Moderna,2869
Latvia,2021-02-15,Oxford/AstraZeneca,3612
Latvia,2021-02-15,Pfizer/BioNTech,31823
Latvia,2021-02-16,Moderna,3088
Latvia,2021-02-16,Oxford/AstraZeneca,4756
Latvia,2021-02-16,Pfizer/BioNTech,31841
Latvia,2021-02-17,Moderna,3220
Latvia,2021-02-17,Oxford/AstraZeneca,6462
Latvia,2021-02-17,Pfizer/BioNTech,31995
Latvia,2021-02-18,Moderna,3458
Latvia,2021-02-18,Oxford/AstraZeneca,7713
Latvia,2021-02-18,Pfizer/BioNTech,32054
Latvia,2021-02-19,Moderna,3666
Latvia,2021-02-19,Oxford/AstraZeneca,8800
Latvia,2021-02-19,Pfizer/BioNTech,32110
Latvia,2021-02-20,Moderna,3685
Latvia,2021-02-20,Oxford/AstraZeneca,9552
Latvia,2021-02-21,Oxford/AstraZeneca,10360
Latvia,2021-02-22,Moderna,3929
Latvia,2021-02-22,Oxford/AstraZeneca,11868
Latvia,2021-02-22,Pfizer/BioNTech,32142
Latvia,2021-02-23,Moderna,4150
Latvia,2021-02-23,Oxford/AstraZeneca,14000
Latvia,2021-02-23,Pfizer/BioNTech,32169
Latvia,2021-02-24,Moderna,4301
Latvia,2021-02-24,Oxford/AstraZeneca,18121
Latvia,2021-02-24,Pfizer/BioNTech,32207
Latvia,2021-02-25,Moderna,4561
Latvia,2021-02-25,Oxford/AstraZeneca,21946
Latvia,2021-02-25,Pfizer/BioNTech,32297
Latvia,2021-02-26,Moderna,4775
Latvia,2021-02-26,Oxford/AstraZeneca,24965
Latvia,2021-02-26,Pfizer/BioNTech,32428
Latvia,2021-02-27,Moderna,5095
Latvia,2021-02-27,Oxford/AstraZeneca,25222
Latvia,2021-02-27,Pfizer/BioNTech,32437
Latvia,2021-02-28,Moderna,5096
Latvia,2021-02-28,Oxford/AstraZeneca,25352
Latvia,2021-03-01,Moderna,5478
Latvia,2021-03-01,Oxford/AstraZeneca,26486
Latvia,2021-03-01,Pfizer/BioNTech,32678
Latvia,2021-03-02,Moderna,6200
Latvia,2021-03-02,Oxford/AstraZeneca,27616
Latvia,2021-03-02,Pfizer/BioNTech,33002
Latvia,2021-03-03,Moderna,6948
Latvia,2021-03-03,Oxford/AstraZeneca,30315
Latvia,2021-03-03,Pfizer/BioNTech,33651
Latvia,2021-03-04,Moderna,7475
Latvia,2021-03-04,Oxford/AstraZeneca,35230
Latvia,2021-03-04,Pfizer/BioNTech,34176
Latvia,2021-03-05,Moderna,7951
Latvia,2021-03-05,Oxford/AstraZeneca,39209
Latvia,2021-03-05,Pfizer/BioNTech,34525
Latvia,2021-03-06,Moderna,8035
Latvia,2021-03-06,Oxford/AstraZeneca,39894
Latvia,2021-03-07,Oxford/AstraZeneca,39968
Latvia,2021-03-08,Moderna,8297
Latvia,2021-03-08,Oxford/AstraZeneca,41399
Latvia,2021-03-09,Moderna,8653
Latvia,2021-03-09,Oxford/AstraZeneca,43147
Latvia,2021-03-09,Pfizer/BioNTech,34764
Latvia,2021-03-10,Moderna,8933
Latvia,2021-03-10,Oxford/AstraZeneca,44763
Latvia,2021-03-10,Pfizer/BioNTech,35326
Latvia,2021-03-11,Moderna,9088
Latvia,2021-03-11,Oxford/AstraZeneca,47097
Latvia,2021-03-11,Pfizer/BioNTech,35470
Latvia,2021-03-12,Moderna,9221
Latvia,2021-03-12,Oxford/AstraZeneca,51850
Latvia,2021-03-12,Pfizer/BioNTech,35511
Latvia,2021-03-13,Moderna,9291
Latvia,2021-03-13,Oxford/AstraZeneca,52682
Latvia,2021-03-14,Oxford/AstraZeneca,52754
Latvia,2021-03-15,Moderna,9392
Latvia,2021-03-15,Oxford/AstraZeneca,56373
Latvia,2021-03-16,Moderna,9554
Latvia,2021-03-16,Oxford/AstraZeneca,56377
Latvia,2021-03-16,Pfizer/BioNTech,35521
Latvia,2021-03-17,Moderna,9714
Latvia,2021-03-17,Oxford/AstraZeneca,56378
Latvia,2021-03-17,Pfizer/BioNTech,35527
Latvia,2021-03-18,Moderna,9934
Latvia,2021-03-18,Pfizer/BioNTech,35580
Latvia,2021-03-19,Moderna,10227
Latvia,2021-03-19,Oxford/AstraZeneca,56691
Latvia,2021-03-19,Pfizer/BioNTech,35674
Latvia,2021-03-20,Moderna,10277
Latvia,2021-03-20,Oxford/AstraZeneca,57041
Latvia,2021-03-21,Oxford/AstraZeneca,57065
Latvia,2021-03-22,Moderna,10882
Latvia,2021-03-22,Oxford/AstraZeneca,59065
Latvia,2021-03-23,Moderna,12075
Latvia,2021-03-23,Oxford/AstraZeneca,63121
Latvia,2021-03-23,Pfizer/BioNTech,35867
Latvia,2021-03-24,Moderna,13541
Latvia,2021-03-24,Oxford/AstraZeneca,67210
Latvia,2021-03-24,Pfizer/BioNTech,36407
Latvia,2021-03-25,Moderna,15130
Latvia,2021-03-25,Oxford/AstraZeneca,70479
Latvia,2021-03-25,Pfizer/BioNTech,36887
Latvia,2021-03-26,Moderna,16785
Latvia,2021-03-26,Oxford/AstraZeneca,72337
Latvia,2021-03-26,Pfizer/BioNTech,37334
Latvia,2021-03-27,Moderna,17187
Latvia,2021-03-27,Oxford/AstraZeneca,72498
Latvia,2021-03-28,Oxford/AstraZeneca,72526
Latvia,2021-03-29,Moderna,18183
Latvia,2021-03-29,Oxford/AstraZeneca,73603
Latvia,2021-03-30,Moderna,19471
Latvia,2021-03-30,Oxford/AstraZeneca,76330
Latvia,2021-03-30,Pfizer/BioNTech,38307
Latvia,2021-03-31,Moderna,20807
Latvia,2021-03-31,Oxford/AstraZeneca,79002
Latvia,2021-03-31,Pfizer/BioNTech,39990
Latvia,2021-04-01,Moderna,22283
Latvia,2021-04-01,Oxford/AstraZeneca,81008
Latvia,2021-04-01,Pfizer/BioNTech,40611
Latvia,2021-04-02,Moderna,22525
Latvia,2021-04-02,Oxford/AstraZeneca,81326
Latvia,2021-04-02,Pfizer/BioNTech,40612
Latvia,2021-04-03,Moderna,22676
Latvia,2021-04-03,Oxford/AstraZeneca,84391
Latvia,2021-04-03,Pfizer/BioNTech,40747
Latvia,2021-04-04,Moderna,22684
Latvia,2021-04-04,Oxford/AstraZeneca,86006
Latvia,2021-04-05,Moderna,22813
Latvia,2021-04-05,Oxford/AstraZeneca,88371
Latvia,2021-04-06,Moderna,24438
Latvia,2021-04-06,Oxford/AstraZeneca,91570
Latvia,2021-04-06,Pfizer/BioNTech,40797
Latvia,2021-04-07,Moderna,26841
Latvia,2021-04-07,Oxford/AstraZeneca,98027
Latvia,2021-04-07,Pfizer/BioNTech,40917
Latvia,2021-04-08,Moderna,28821
Latvia,2021-04-08,Oxford/AstraZeneca,102580
Latvia,2021-04-08,Pfizer/BioNTech,41375
Latvia,2021-04-09,Moderna,30220
Latvia,2021-04-09,Oxford/AstraZeneca,105658
Latvia,2021-04-09,Pfizer/BioNTech,41669
Latvia,2021-04-10,Moderna,30341
Latvia,2021-04-10,Oxford/AstraZeneca,107035
Latvia,2021-04-10,Pfizer/BioNTech,41716
Latvia,2021-04-11,Oxford/AstraZeneca,107121
Latvia,2021-04-12,Moderna,30900
Latvia,2021-04-12,Oxford/AstraZeneca,108540
Latvia,2021-04-12,Pfizer/BioNTech,42130
Latvia,2021-04-13,Moderna,31778
Latvia,2021-04-13,Oxford/AstraZeneca,110032
Latvia,2021-04-13,Pfizer/BioNTech,43354
Latvia,2021-04-14,Moderna,33621
Latvia,2021-04-14,Oxford/AstraZeneca,112017
Latvia,2021-04-14,Pfizer/BioNTech,45662
Latvia,2021-04-15,Moderna,35383
Latvia,2021-04-15,Oxford/AstraZeneca,113707
Latvia,2021-04-15,Pfizer/BioNTech,47628
Latvia,2021-04-16,Moderna,36196
Latvia,2021-04-16,Oxford/AstraZeneca,117131
Latvia,2021-04-16,Pfizer/BioNTech,50270
Latvia,2021-04-17,Moderna,36394
Latvia,2021-04-17,Oxford/AstraZeneca,120445
Latvia,2021-04-17,Pfizer/BioNTech,50890
Latvia,2021-04-18,Moderna,36490
Latvia,2021-04-18,Oxford/AstraZeneca,120613
Latvia,2021-04-18,Pfizer/BioNTech,51218
Lithuania,2020-12-27,Pfizer/BioNTech,2420
Lithuania,2020-12-28,Pfizer/BioNTech,5207
Lithuania,2020-12-29,Pfizer/BioNTech,8194
Lithuania,2020-12-30,Pfizer/BioNTech,9726
Lithuania,2020-12-31,Pfizer/BioNTech,9751
Lithuania,2021-01-04,Pfizer/BioNTech,9752
Lithuania,2021-01-05,Pfizer/BioNTech,10375
Lithuania,2021-01-06,Pfizer/BioNTech,13875
Lithuania,2021-01-07,Pfizer/BioNTech,18030
Lithuania,2021-01-08,Pfizer/BioNTech,23203
Lithuania,2021-01-09,Pfizer/BioNTech,23507
Lithuania,2021-01-10,Pfizer/BioNTech,23510
Lithuania,2021-01-11,Pfizer/BioNTech,25719
Lithuania,2021-01-12,Pfizer/BioNTech,27806
Lithuania,2021-01-13,Moderna,163
Lithuania,2021-01-13,Pfizer/BioNTech,33877
Lithuania,2021-01-14,Moderna,471
Lithuania,2021-01-14,Pfizer/BioNTech,42197
Lithuania,2021-01-15,Moderna,1041
Lithuania,2021-01-15,Pfizer/BioNTech,48899
Lithuania,2021-01-16,Pfizer/BioNTech,50002
Lithuania,2021-01-17,Moderna,1042
Lithuania,2021-01-17,Pfizer/BioNTech,51132
Lithuania,2021-01-18,Moderna,1578
Lithuania,2021-01-18,Pfizer/BioNTech,55111
Lithuania,2021-01-19,Moderna,2074
Lithuania,2021-01-19,Pfizer/BioNTech,60902
Lithuania,2021-01-20,Moderna,2312
Lithuania,2021-01-20,Pfizer/BioNTech,64133
Lithuania,2021-01-21,Moderna,2372
Lithuania,2021-01-21,Pfizer/BioNTech,65622
Lithuania,2021-01-22,Pfizer/BioNTech,66015
Lithuania,2021-01-23,Pfizer/BioNTech,66023
Lithuania,2021-01-25,Pfizer/BioNTech,66125
Lithuania,2021-01-26,Pfizer/BioNTech,69226
Lithuania,2021-01-27,Pfizer/BioNTech,76112
Lithuania,2021-01-28,Pfizer/BioNTech,83183
Lithuania,2021-01-29,Pfizer/BioNTech,91236
Lithuania,2021-01-30,Pfizer/BioNTech,91865
Lithuania,2021-01-31,Pfizer/BioNTech,91873
Lithuania,2021-02-01,Pfizer/BioNTech,94755
Lithuania,2021-02-02,Moderna,2693
Lithuania,2021-02-02,Pfizer/BioNTech,98296
Lithuania,2021-02-03,Moderna,3320
Lithuania,2021-02-03,Pfizer/BioNTech,104458
Lithuania,2021-02-04,Moderna,3884
Lithuania,2021-02-04,Oxford/AstraZeneca,1
Lithuania,2021-02-04,Pfizer/BioNTech,113728
Lithuania,2021-02-05,Moderna,4029
Lithuania,2021-02-05,Pfizer/BioNTech,120832
Lithuania,2021-02-06,Pfizer/BioNTech,121558
Lithuania,2021-02-07,Pfizer/BioNTech,121655
Lithuania,2021-02-08,Moderna,4117
Lithuania,2021-02-08,Pfizer/BioNTech,124218
Lithuania,2021-02-09,Moderna,4358
Lithuania,2021-02-09,Oxford/AstraZeneca,300
Lithuania,2021-02-09,Pfizer/BioNTech,126525
Lithuania,2021-02-10,Moderna,4668
Lithuania,2021-02-10,Oxford/AstraZeneca,3023
Lithuania,2021-02-10,Pfizer/BioNTech,129641
Lithuania,2021-02-11,Moderna,5100
Lithuania,2021-02-11,Oxford/AstraZeneca,5515
Lithuania,2021-02-11,Pfizer/BioNTech,135760
Lithuania,2021-02-12,Moderna,5716
Lithuania,2021-02-12,Oxford/AstraZeneca,7448
Lithuania,2021-02-12,Pfizer/BioNTech,140489
Lithuania,2021-02-13,Moderna,5721
Lithuania,2021-02-13,Oxford/AstraZeneca,7757
Lithuania,2021-02-13,Pfizer/BioNTech,140621
Lithuania,2021-02-15,Moderna,6970
Lithuania,2021-02-15,Oxford/AstraZeneca,9602
Lithuania,2021-02-15,Pfizer/BioNTech,142169
Lithuania,2021-02-16,Pfizer/BioNTech,142700
Lithuania,2021-02-17,Moderna,8323
Lithuania,2021-02-17,Oxford/AstraZeneca,10574
Lithuania,2021-02-17,Pfizer/BioNTech,148619
Lithuania,2021-02-18,Moderna,8858
Lithuania,2021-02-18,Oxford/AstraZeneca,12048
Lithuania,2021-02-18,Pfizer/BioNTech,157929
Lithuania,2021-02-19,Moderna,9335
Lithuania,2021-02-19,Oxford/AstraZeneca,14804
Lithuania,2021-02-19,Pfizer/BioNTech,165141
Lithuania,2021-02-20,Oxford/AstraZeneca,15109
Lithuania,2021-02-20,Pfizer/BioNTech,165845
Lithuania,2021-02-22,Moderna,9504
Lithuania,2021-02-22,Oxford/AstraZeneca,17177
Lithuania,2021-02-22,Pfizer/BioNTech,169080
Lithuania,2021-02-23,Moderna,9917
Lithuania,2021-02-23,Oxford/AstraZeneca,19173
Lithuania,2021-02-23,Pfizer/BioNTech,175296
Lithuania,2021-02-24,Moderna,10050
Lithuania,2021-02-24,Oxford/AstraZeneca,21877
Lithuania,2021-02-24,Pfizer/BioNTech,184125
Lithuania,2021-02-25,Moderna,10761
Lithuania,2021-02-25,Oxford/AstraZeneca,25948
Lithuania,2021-02-25,Pfizer/BioNTech,191160
Lithuania,2021-02-26,Moderna,12264
Lithuania,2021-02-26,Oxford/AstraZeneca,30206
Lithuania,2021-02-26,Pfizer/BioNTech,195372
Lithuania,2021-02-27,Oxford/AstraZeneca,30763
Lithuania,2021-02-27,Pfizer/BioNTech,195514
Lithuania,2021-02-28,Oxford/AstraZeneca,31122
Lithuania,2021-02-28,Pfizer/BioNTech,195565
Lithuania,2021-03-01,Moderna,15724
Lithuania,2021-03-01,Oxford/AstraZeneca,33919
Lithuania,2021-03-01,Pfizer/BioNTech,196838
Lithuania,2021-03-02,Moderna,17608
Lithuania,2021-03-02,Oxford/AstraZeneca,35587
Lithuania,2021-03-02,Pfizer/BioNTech,202614
Lithuania,2021-03-03,Moderna,19406
Lithuania,2021-03-03,Oxford/AstraZeneca,38715
Lithuania,2021-03-03,Pfizer/BioNTech,209592
Lithuania,2021-03-04,Moderna,20471
Lithuania,2021-03-04,Oxford/AstraZeneca,42167
Lithuania,2021-03-04,Pfizer/BioNTech,220427
Lithuania,2021-03-05,Moderna,21051
Lithuania,2021-03-05,Oxford/AstraZeneca,46431
Lithuania,2021-03-05,Pfizer/BioNTech,229515
Lithuania,2021-03-06,Moderna,21139
Lithuania,2021-03-06,Oxford/AstraZeneca,46694
Lithuania,2021-03-06,Pfizer/BioNTech,229789
Lithuania,2021-03-07,Pfizer/BioNTech,229790
Lithuania,2021-03-08,Moderna,21621
Lithuania,2021-03-08,Oxford/AstraZeneca,53376
Lithuania,2021-03-08,Pfizer/BioNTech,231518
Lithuania,2021-03-09,Moderna,22586
Lithuania,2021-03-09,Oxford/AstraZeneca,56131
Lithuania,2021-03-09,Pfizer/BioNTech,239657
Lithuania,2021-03-10,Moderna,22779
Lithuania,2021-03-10,Oxford/AstraZeneca,62142
Lithuania,2021-03-10,Pfizer/BioNTech,249051
Lithuania,2021-03-11,Oxford/AstraZeneca,62498
Lithuania,2021-03-11,Pfizer/BioNTech,249831
Lithuania,2021-03-12,Moderna,23033
Lithuania,2021-03-12,Oxford/AstraZeneca,68694
Lithuania,2021-03-12,Pfizer/BioNTech,261279
Lithuania,2021-03-13,Oxford/AstraZeneca,68982
Lithuania,2021-03-13,Pfizer/BioNTech,262736
Lithuania,2021-03-14,Oxford/AstraZeneca,68990
Lithuania,2021-03-14,Pfizer/BioNTech,262752
Lithuania,2021-03-15,Moderna,23133
Lithuania,2021-03-15,Oxford/AstraZeneca,74747
Lithuania,2021-03-15,Pfizer/BioNTech,264867
Lithuania,2021-03-16,Moderna,23335
Lithuania,2021-03-16,Oxford/AstraZeneca,78075
Lithuania,2021-03-16,Pfizer/BioNTech,271532
Lithuania,2021-03-17,Moderna,23441
Lithuania,2021-03-17,Oxford/AstraZeneca,78171
Lithuania,2021-03-17,Pfizer/BioNTech,281855
Lithuania,2021-03-18,Moderna,23572
Lithuania,2021-03-18,Oxford/AstraZeneca,78198
Lithuania,2021-03-18,Pfizer/BioNTech,290075
Lithuania,2021-03-19,Moderna,25781
Lithuania,2021-03-19,Oxford/AstraZeneca,78723
Lithuania,2021-03-19,Pfizer/BioNTech,296587
Lithuania,2021-03-20,Moderna,26315
Lithuania,2021-03-20,Pfizer/BioNTech,296787
Lithuania,2021-03-21,Moderna,26317
Lithuania,2021-03-21,Pfizer/BioNTech,296817
Lithuania,2021-03-22,Moderna,31114
Lithuania,2021-03-22,Oxford/AstraZeneca,81013
Lithuania,2021-03-22,Pfizer/BioNTech,297934
Lithuania,2021-03-23,Moderna,32671
Lithuania,2021-03-23,Oxford/AstraZeneca,83777
Lithuania,2021-03-23,Pfizer/BioNTech,306456
Lithuania,2021-03-24,Moderna,33785
Lithuania,2021-03-24,Oxford/AstraZeneca,88364
Lithuania,2021-03-24,Pfizer/BioNTech,318340
Lithuania,2021-03-25,Moderna,34790
Lithuania,2021-03-25,Oxford/AstraZeneca,92802
Lithuania,2021-03-25,Pfizer/BioNTech,329845
Lithuania,2021-03-26,Moderna,36414
Lithuania,2021-03-26,Oxford/AstraZeneca,98351
Lithuania,2021-03-26,Pfizer/BioNTech,339069
Lithuania,2021-03-27,Moderna,36490
Lithuania,2021-03-27,Oxford/AstraZeneca,101170
Lithuania,2021-03-27,Pfizer/BioNTech,339319
Lithuania,2021-03-28,Oxford/AstraZeneca,101270
Lithuania,2021-03-28,Pfizer/BioNTech,339403
Lithuania,2021-03-29,Moderna,37911
Lithuania,2021-03-29,Oxford/AstraZeneca,106722
Lithuania,2021-03-29,Pfizer/BioNTech,340390
Lithuania,2021-03-30,Moderna,38093
Lithuania,2021-03-30,Oxford/AstraZeneca,109201
Lithuania,2021-03-30,Pfizer/BioNTech,350526
Lithuania,2021-03-31,Moderna,39527
Lithuania,2021-03-31,Oxford/AstraZeneca,111253
Lithuania,2021-03-31,Pfizer/BioNTech,367697
Lithuania,2021-04-01,Moderna,46726
Lithuania,2021-04-01,Oxford/AstraZeneca,114090
Lithuania,2021-04-01,Pfizer/BioNTech,375797
Lithuania,2021-04-02,Moderna,53211
Lithuania,2021-04-02,Oxford/AstraZeneca,119743
Lithuania,2021-04-02,Pfizer/BioNTech,383298
Lithuania,2021-04-03,Moderna,53404
Lithuania,2021-04-03,Oxford/AstraZeneca,127447
Lithuania,2021-04-03,Pfizer/BioNTech,384058
Lithuania,2021-04-04,Oxford/AstraZeneca,129850
Lithuania,2021-04-04,Pfizer/BioNTech,384064
Lithuania,2021-04-05,Moderna,53414
Lithuania,2021-04-05,Oxford/AstraZeneca,133360
Lithuania,2021-04-05,Pfizer/BioNTech,384257
Lithuania,2021-04-06,Moderna,56078
Lithuania,2021-04-06,Oxford/AstraZeneca,143925
Lithuania,2021-04-06,Pfizer/BioNTech,385691
Lithuania,2021-04-07,Moderna,57329
Lithuania,2021-04-07,Oxford/AstraZeneca,153807
Lithuania,2021-04-07,Pfizer/BioNTech,387231
Lithuania,2021-04-08,Moderna,58711
Lithuania,2021-04-08,Oxford/AstraZeneca,156513
Lithuania,2021-04-08,Pfizer/BioNTech,409915
Lithuania,2021-04-09,Moderna,59140
Lithuania,2021-04-09,Oxford/AstraZeneca,161743
Lithuania,2021-04-09,Pfizer/BioNTech,437592
Lithuania,2021-04-10,Moderna,59216
Lithuania,2021-04-10,Oxford/AstraZeneca,165919
Lithuania,2021-04-10,Pfizer/BioNTech,448909
Lithuania,2021-04-11,Moderna,59270
Lithuania,2021-04-11,Oxford/AstraZeneca,166537
Lithuania,2021-04-11,Pfizer/BioNTech,449952
Lithuania,2021-04-12,Moderna,59564
Lithuania,2021-04-12,Oxford/AstraZeneca,170511
Lithuania,2021-04-12,Pfizer/BioNTech,454408
Lithuania,2021-04-13,Moderna,59965
Lithuania,2021-04-13,Oxford/AstraZeneca,173034
Lithuania,2021-04-13,Pfizer/BioNTech,470167
Lithuania,2021-04-14,Moderna,60177
Lithuania,2021-04-14,Oxford/AstraZeneca,174011
Lithuania,2021-04-14,Pfizer/BioNTech,495269
Lithuania,2021-04-15,Moderna,60422
Lithuania,2021-04-15,Oxford/AstraZeneca,177038
Lithuania,2021-04-15,Pfizer/BioNTech,514516
Lithuania,2021-04-16,Moderna,60689
Lithuania,2021-04-16,Oxford/AstraZeneca,183045
Lithuania,2021-04-16,Pfizer/BioNTech,527850
Lithuania,2021-04-17,Oxford/AstraZeneca,183956
Lithuania,2021-04-17,Pfizer/BioNTech,528594
Lithuania,2021-04-18,Oxford/AstraZeneca,184036
Lithuania,2021-04-18,Pfizer/BioNTech,528599
Romania,2020-12-27,Moderna,0
Romania,2020-12-27,Oxford/AstraZeneca,0
Romania,2020-12-27,Pfizer/BioNTech,965
Romania,2020-12-28,Moderna,0
Romania,2020-12-28,Oxford/AstraZeneca,0
Romania,2020-12-28,Pfizer/BioNTech,2066
Romania,2020-12-29,Moderna,0
Romania,2020-12-29,Oxford/AstraZeneca,0
Romania,2020-12-29,Pfizer/BioNTech,2778
Romania,2020-12-30,Moderna,0
Romania,2020-12-30,Oxford/AstraZeneca,0
Romania,2020-12-30,Pfizer/BioNTech,5666
Romania,2020-12-31,Moderna,0
Romania,2020-12-31,Oxford/AstraZeneca,0
Romania,2020-12-31,Pfizer/BioNTech,10289
Romania,2021-01-01,Moderna,0
Romania,2021-01-01,Oxford/AstraZeneca,0
Romania,2021-01-01,Pfizer/BioNTech,11656
Romania,2021-01-02,Moderna,0
Romania,2021-01-02,Oxford/AstraZeneca,0
Romania,2021-01-02,Pfizer/BioNTech,13242
Romania,2021-01-03,Moderna,0
Romania,2021-01-03,Oxford/AstraZeneca,0
Romania,2021-01-03,Pfizer/BioNTech,13596
Romania,2021-01-04,Moderna,0
Romania,2021-01-04,Oxford/AstraZeneca,0
Romania,2021-01-04,Pfizer/BioNTech,25508
Romania,2021-01-05,Moderna,0
Romania,2021-01-05,Oxford/AstraZeneca,0
Romania,2021-01-05,Pfizer/BioNTech,41609
Romania,2021-01-06,Moderna,0
Romania,2021-01-06,Oxford/AstraZeneca,0
Romania,2021-01-06,Pfizer/BioNTech,58554
Romania,2021-01-07,Moderna,0
Romania,2021-01-07,Oxford/AstraZeneca,0
Romania,2021-01-07,Pfizer/BioNTech,76400
Romania,2021-01-08,Moderna,0
Romania,2021-01-08,Oxford/AstraZeneca,0
Romania,2021-01-08,Pfizer/BioNTech,92706
Romania,2021-01-09,Moderna,0
Romania,2021-01-09,Oxford/AstraZeneca,0
Romania,2021-01-09,Pfizer/BioNTech,102301
Romania,2021-01-10,Moderna,0
Romania,2021-01-10,Oxford/AstraZeneca,0
Romania,2021-01-10,Pfizer/BioNTech,108294
Romania,2021-01-11,Moderna,0
Romania,2021-01-11,Oxford/AstraZeneca,0
Romania,2021-01-11,Pfizer/BioNTech,125190
Romania,2021-01-12,Moderna,0
Romania,2021-01-12,Oxford/AstraZeneca,0
Romania,2021-01-12,Pfizer/BioNTech,140447
Romania,2021-01-13,Moderna,0
Romania,2021-01-13,Oxford/AstraZeneca,0
Romania,2021-01-13,Pfizer/BioNTech,154268
Romania,2021-01-14,Moderna,0
Romania,2021-01-14,Oxford/AstraZeneca,0
Romania,2021-01-14,Pfizer/BioNTech,168089
Romania,2021-01-15,Moderna,0
Romania,2021-01-15,Oxford/AstraZeneca,0
Romania,2021-01-15,Pfizer/BioNTech,184146
Romania,2021-01-16,Moderna,0
Romania,2021-01-16,Oxford/AstraZeneca,0
Romania,2021-01-16,Pfizer/BioNTech,196567
Romania,2021-01-17,Moderna,0
Romania,2021-01-17,Oxford/AstraZeneca,0
Romania,2021-01-17,Pfizer/BioNTech,204662
Romania,2021-01-18,Moderna,0
Romania,2021-01-18,Oxford/AstraZeneca,0
Romania,2021-01-18,Pfizer/BioNTech,234899
Romania,2021-01-19,Moderna,0
Romania,2021-01-19,Oxford/AstraZeneca,0
Romania,2021-01-19,Pfizer/BioNTech,269706
Romania,2021-01-20,Moderna,0
Romania,2021-01-20,Oxford/AstraZeneca,0
Romania,2021-01-20,Pfizer/BioNTech,308044
Romania,2021-01-21,Moderna,0
Romania,2021-01-21,Oxford/AstraZeneca,0
Romania,2021-01-21,Pfizer/BioNTech,347756
Romania,2021-01-22,Moderna,0
Romania,2021-01-22,Oxford/AstraZeneca,0
Romania,2021-01-22,Pfizer/BioNTech,385596
Romania,2021-01-23,Moderna,0
Romania,2021-01-23,Oxford/AstraZeneca,0
Romania,2021-01-23,Pfizer/BioNTech,418545
Romania,2021-01-24,Moderna,0
Romania,2021-01-24,Oxford/AstraZeneca,0
Romania,2021-01-24,Pfizer/BioNTech,445945
Romania,2021-01-25,Moderna,0
Romania,2021-01-25,Oxford/AstraZeneca,0
Romania,2021-01-25,Pfizer/BioNTech,484291
Romania,2021-01-26,Moderna,0
Romania,2021-01-26,Oxford/AstraZeneca,0
Romania,2021-01-26,Pfizer/BioNTech,528038
Romania,2021-01-27,Moderna,0
Romania,2021-01-27,Oxford/AstraZeneca,0
Romania,2021-01-27,Pfizer/BioNTech,570364
Romania,2021-01-28,Moderna,0
Romania,2021-01-28,Oxford/AstraZeneca,0
Romania,2021-01-28,Pfizer/BioNTech,609056
Romania,2021-01-29,Moderna,0
Romania,2021-01-29,Oxford/AstraZeneca,0
Romania,2021-01-29,Pfizer/BioNTech,646660
Romania,2021-01-30,Moderna,0
Romania,2021-01-30,Oxford/AstraZeneca,0
Romania,2021-01-30,Pfizer/BioNTech,672056
Romania,2021-01-31,Moderna,0
Romania,2021-01-31,Oxford/AstraZeneca,0
Romania,2021-01-31,Pfizer/BioNTech,691075
Romania,2021-02-01,Moderna,0
Romania,2021-02-01,Oxford/AstraZeneca,0
Romania,2021-02-01,Pfizer/BioNTech,720844
Romania,2021-02-02,Moderna,0
Romania,2021-02-02,Oxford/AstraZeneca,0
Romania,2021-02-02,Pfizer/BioNTech,748392
Romania,2021-02-03,Moderna,0
Romania,2021-02-03,Oxford/AstraZeneca,0
Romania,2021-02-03,Pfizer/BioNTech,771862
Romania,2021-02-04,Moderna,6443
Romania,2021-02-04,Oxford/AstraZeneca,0
Romania,2021-02-04,Pfizer/BioNTech,788012
Romania,2021-02-05,Moderna,14944
Romania,2021-02-05,Oxford/AstraZeneca,0
Romania,2021-02-05,Pfizer/BioNTech,806268
Romania,2021-02-06,Moderna,23087
Romania,2021-02-06,Oxford/AstraZeneca,0
Romania,2021-02-06,Pfizer/BioNTech,817385
Romania,2021-02-07,Moderna,31026
Romania,2021-02-07,Oxford/AstraZeneca,0
Romania,2021-02-07,Pfizer/BioNTech,824956
Romania,2021-02-08,Moderna,35454
Romania,2021-02-08,Oxford/AstraZeneca,0
Romania,2021-02-08,Pfizer/BioNTech,855554
Romania,2021-02-09,Moderna,40399
Romania,2021-02-09,Oxford/AstraZeneca,0
Romania,2021-02-09,Pfizer/BioNTech,889416
Romania,2021-02-10,Moderna,44448
Romania,2021-02-10,Oxford/AstraZeneca,0
Romania,2021-02-10,Pfizer/BioNTech,926179
Romania,2021-02-11,Moderna,47769
Romania,2021-02-11,Oxford/AstraZeneca,0
Romania,2021-02-11,Pfizer/BioNTech,961312
Romania,2021-02-12,Moderna,51388
Romania,2021-02-12,Oxford/AstraZeneca,0
Romania,2021-02-12,Pfizer/BioNTech,997068
Romania,2021-02-13,Moderna,54855
Romania,2021-02-13,Oxford/AstraZeneca,0
Romania,2021-02-13,Pfizer/BioNTech,1028900
Romania,2021-02-14,Moderna,57881
Romania,2021-02-14,Oxford/AstraZeneca,0
Romania,2021-02-14,Pfizer/BioNTech,1055753
Romania,2021-02-15,Moderna,60916
Romania,2021-02-15,Oxford/AstraZeneca,6812
Romania,2021-02-15,Pfizer/BioNTech,1083043
Romania,2021-02-16,Moderna,63951
Romania,2021-02-16,Oxford/AstraZeneca,13624
Romania,2021-02-16,Pfizer/BioNTech,1111098
Romania,2021-02-17,Moderna,69323
Romania,2021-02-17,Oxford/AstraZeneca,22956
Romania,2021-02-17,Pfizer/BioNTech,1139713
Romania,2021-02-18,Moderna,71707
Romania,2021-02-18,Oxford/AstraZeneca,31858
Romania,2021-02-18,Pfizer/BioNTech,1168247
Romania,2021-02-19,Moderna,72378
Romania,2021-02-19,Oxford/AstraZeneca,41296
Romania,2021-02-19,Pfizer/BioNTech,1196266
Romania,2021-02-20,Moderna,72676
Romania,2021-02-20,Oxford/AstraZeneca,50440
Romania,2021-02-20,Pfizer/BioNTech,1219748
Romania,2021-02-21,Moderna,72791
Romania,2021-02-21,Oxford/AstraZeneca,58747
Romania,2021-02-21,Pfizer/BioNTech,1239270
Romania,2021-02-22,Moderna,72935
Romania,2021-02-22,Oxford/AstraZeneca,68534
Romania,2021-02-22,Pfizer/BioNTech,1259204
Romania,2021-02-23,Moderna,73010
Romania,2021-02-23,Oxford/AstraZeneca,78141
Romania,2021-02-23,Pfizer/BioNTech,1278866
Romania,2021-02-24,Moderna,73017
Romania,2021-02-24,Oxford/AstraZeneca,87871
Romania,2021-02-24,Pfizer/BioNTech,1297346
Romania,2021-02-25,Moderna,73020
Romania,2021-02-25,Oxford/AstraZeneca,98055
Romania,2021-02-25,Pfizer/BioNTech,1307417
Romania,2021-02-26,Moderna,73020
Romania,2021-02-26,Oxford/AstraZeneca,109339
Romania,2021-02-26,Pfizer/BioNTech,1315258
Romania,2021-02-27,Moderna,73020
Romania,2021-02-27,Oxford/AstraZeneca,119310
Romania,2021-02-27,Pfizer/BioNTech,1320991
Romania,2021-02-28,Moderna,73020
Romania,2021-02-28,Oxford/AstraZeneca,127371
Romania,2021-02-28,Pfizer/BioNTech,1324066
Romania,2021-03-01,Moderna,73020
Romania,2021-03-01,Oxford/AstraZeneca,136586
Romania,2021-03-01,Pfizer/BioNTech,1347000
Romania,2021-03-02,Moderna,73020
Romania,2021-03-02,Oxford/AstraZeneca,146051
Romania,2021-03-02,Pfizer/BioNTech,1375693
Romania,2021-03-03,Moderna,73020
Romania,2021-03-03,Oxford/AstraZeneca,154730
Romania,2021-03-03,Pfizer/BioNTech,1405699
Romania,2021-03-04,Moderna,79862
Romania,2021-03-04,Oxford/AstraZeneca,162337
Romania,2021-03-04,Pfizer/BioNTech,1434988
Romania,2021-03-05,Moderna,88224
Romania,2021-03-05,Oxford/AstraZeneca,170102
Romania,2021-03-05,Pfizer/BioNTech,1466214
Romania,2021-03-06,Moderna,96530
Romania,2021-03-06,Oxford/AstraZeneca,177516
Romania,2021-03-06,Pfizer/BioNTech,1499132
Romania,2021-03-07,Moderna,104227
Romania,2021-03-07,Oxford/AstraZeneca,184012
Romania,2021-03-07,Pfizer/BioNTech,1530123
Romania,2021-03-08,Moderna,108871
Romania,2021-03-08,Oxford/AstraZeneca,190326
Romania,2021-03-08,Pfizer/BioNTech,1562623
Romania,2021-03-09,Moderna,113813
Romania,2021-03-09,Oxford/AstraZeneca,197660
Romania,2021-03-09,Pfizer/BioNTech,1598547
Romania,2021-03-10,Moderna,117819
Romania,2021-03-10,Oxford/AstraZeneca,204910
Romania,2021-03-10,Pfizer/BioNTech,1638693
Romania,2021-03-11,Moderna,121218
Romania,2021-03-11,Oxford/AstraZeneca,211212
Romania,2021-03-11,Pfizer/BioNTech,1678903
Romania,2021-03-12,Moderna,124766
Romania,2021-03-12,Oxford/AstraZeneca,217059
Romania,2021-03-12,Pfizer/BioNTech,1718894
Romania,2021-03-13,Moderna,128144
Romania,2021-03-13,Oxford/AstraZeneca,222922
Romania,2021-03-13,Pfizer/BioNTech,1758375
Romania,2021-03-14,Moderna,131137
Romania,2021-03-14,Oxford/AstraZeneca,228280
Romania,2021-03-14,Pfizer/BioNTech,1792723
Romania,2021-03-15,Moderna,137600
Romania,2021-03-15,Oxford/AstraZeneca,235679
Romania,2021-03-15,Pfizer/BioNTech,1828437
Romania,2021-03-16,Moderna,149732
Romania,2021-03-16,Oxford/AstraZeneca,242742
Romania,2021-03-16,Pfizer/BioNTech,1869226
Romania,2021-03-17,Moderna,158781
Romania,2021-03-17,Oxford/AstraZeneca,249300
Romania,2021-03-17,Pfizer/BioNTech,1907900
Romania,2021-03-18,Moderna,165150
Romania,2021-03-18,Oxford/AstraZeneca,256243
Romania,2021-03-18,Pfizer/BioNTech,1946513
Romania,2021-03-19,Moderna,169966
Romania,2021-03-19,Oxford/AstraZeneca,263394
Romania,2021-03-19,Pfizer/BioNTech,1984407
Romania,2021-03-20,Moderna,174732
Romania,2021-03-20,Oxford/AstraZeneca,271485
Romania,2021-03-20,Pfizer/BioNTech,2022454
Romania,2021-03-21,Moderna,179154
Romania,2021-03-21,Oxford/AstraZeneca,279325
Romania,2021-03-21,Pfizer/BioNTech,2054609
Romania,2021-03-22,Moderna,183177
Romania,2021-03-22,Oxford/AstraZeneca,286648
Romania,2021-03-22,Pfizer/BioNTech,2090459
Romania,2021-03-23,Moderna,187546
Romania,2021-03-23,Oxford/AstraZeneca,294985
Romania,2021-03-23,Pfizer/BioNTech,2135815
Romania,2021-03-24,Moderna,191868
Romania,2021-03-24,Oxford/AstraZeneca,302969
Romania,2021-03-24,Pfizer/BioNTech,2182617
Romania,2021-03-25,Moderna,196122
Romania,2021-03-25,Oxford/AstraZeneca,310485
Romania,2021-03-25,Pfizer/BioNTech,2229733
Romania,2021-03-26,Moderna,200231
Romania,2021-03-26,Oxford/AstraZeneca,318056
Romania,2021-03-26,Pfizer/BioNTech,2273184
Romania,2021-03-27,Moderna,204969
Romania,2021-03-27,Oxford/AstraZeneca,326640
Romania,2021-03-27,Pfizer/BioNTech,2318409
Romania,2021-03-28,Moderna,209212
Romania,2021-03-28,Oxford/AstraZeneca,334912
Romania,2021-03-28,Pfizer/BioNTech,2360607
Romania,2021-03-29,Moderna,213039
Romania,2021-03-29,Oxford/AstraZeneca,342263
Romania,2021-03-29,Pfizer/BioNTech,2401887
Romania,2021-03-30,Moderna,217516
Romania,2021-03-30,Oxford/AstraZeneca,349827
Romania,2021-03-30,Pfizer/BioNTech,2454264
Romania,2021-03-31,Moderna,221682
Romania,2021-03-31,Oxford/AstraZeneca,356402
Romania,2021-03-31,Pfizer/BioNTech,2501784
Romania,2021-04-01,Moderna,226033
Romania,2021-04-01,Oxford/AstraZeneca,362660
Romania,2021-04-01,Pfizer/BioNTech,2548790
Romania,2021-04-02,Moderna,230533
Romania,2021-04-02,Oxford/AstraZeneca,368974
Romania,2021-04-02,Pfizer/BioNTech,2595945
Romania,2021-04-03,Moderna,235329
Romania,2021-04-03,Oxford/AstraZeneca,374819
Romania,2021-04-03,Pfizer/BioNTech,2640729
Romania,2021-04-04,Moderna,239724
Romania,2021-04-04,Oxford/AstraZeneca,379020
Romania,2021-04-04,Pfizer/BioNTech,2680468
Romania,2021-04-05,Moderna,243667
Romania,2021-04-05,Oxford/AstraZeneca,382996
Romania,2021-04-05,Pfizer/BioNTech,2723919
Romania,2021-04-06,Moderna,248385
Romania,2021-04-06,Oxford/AstraZeneca,386430
Romania,2021-04-06,Pfizer/BioNTech,2770716
Romania,2021-04-07,Moderna,253339
Romania,2021-04-07,Oxford/AstraZeneca,389001
Romania,2021-04-07,Pfizer/BioNTech,2818530
Romania,2021-04-08,Moderna,258603
Romania,2021-04-08,Oxford/AstraZeneca,391469
Romania,2021-04-08,Pfizer/BioNTech,2867621
Romania,2021-04-09,Moderna,263626
Romania,2021-04-09,Oxford/AstraZeneca,393982
Romania,2021-04-09,Pfizer/BioNTech,2914374
Romania,2021-04-10,Moderna,271279
Romania,2021-04-10,Oxford/AstraZeneca,397094
Romania,2021-04-10,Pfizer/BioNTech,2965548
Romania,2021-04-11,Moderna,278832
Romania,2021-04-11,Oxford/AstraZeneca,399252
Romania,2021-04-11,Pfizer/BioNTech,3012825
Romania,2021-04-12,Moderna,287423
Romania,2021-04-12,Oxford/AstraZeneca,407271
Romania,2021-04-12,Pfizer/BioNTech,3059096
Romania,2021-04-13,Moderna,296167
Romania,2021-04-13,Oxford/AstraZeneca,417067
Romania,2021-04-13,Pfizer/BioNTech,3117146
Romania,2021-04-14,Moderna,305182
Romania,2021-04-14,Oxford/AstraZeneca,426913
Romania,2021-04-14,Pfizer/BioNTech,3178405
Romania,2021-04-15,Moderna,314259
Romania,2021-04-15,Oxford/AstraZeneca,436165
Romania,2021-04-15,Pfizer/BioNTech,3240132
Romania,2021-04-16,Moderna,323062
Romania,2021-04-16,Oxford/AstraZeneca,446329
Romania,2021-04-16,Pfizer/BioNTech,3300799
Romania,2021-04-17,Moderna,323062
Romania,2021-04-17,Oxford/AstraZeneca,446329
Romania,2021-04-17,Pfizer/BioNTech,3300799
United States,2021-01-12,Moderna,3835859
United States,2021-01-12,Pfizer/BioNTech,5488697
United States,2021-01-13,Moderna,4249795
United States,2021-01-13,Pfizer/BioNTech,6025872
United States,2021-01-15,Moderna,5122662
United States,2021-01-15,Pfizer/BioNTech,7153268
United States,2021-01-19,Moderna,6828561
United States,2021-01-19,Pfizer/BioNTech,8874811
United States,2021-01-20,Moderna,7239750
United States,2021-01-20,Pfizer/BioNTech,9281063
United States,2021-01-21,Moderna,7724683
United States,2021-01-21,Pfizer/BioNTech,9817027
United States,2021-01-22,Moderna,8407909
United States,2021-01-22,Pfizer/BioNTech,10695066
United States,2021-01-23,Moderna,9061112
United States,2021-01-23,Pfizer/BioNTech,11471457
United States,2021-01-24,Moderna,9689497
United States,2021-01-24,Pfizer/BioNTech,12153536
United States,2021-01-25,Moderna,10084432
United States,2021-01-25,Pfizer/BioNTech,12551999
United States,2021-01-26,Moderna,10431466
United States,2021-01-26,Pfizer/BioNTech,13009981
United States,2021-01-27,Moderna,11001991
United States,2021-01-27,Pfizer/BioNTech,13550835
United States,2021-01-28,Moderna,11737592
United States,2021-01-28,Pfizer/BioNTech,14355980
United States,2021-01-29,Moderna,12619210
United States,2021-01-29,Pfizer/BioNTech,15164858
United States,2021-01-30,Moderna,13499942
United States,2021-01-30,Pfizer/BioNTech,15977015
United States,2021-01-31,Moderna,14246089
United States,2021-01-31,Pfizer/BioNTech,16775916
United States,2021-02-01,Moderna,14756609
United States,2021-02-01,Pfizer/BioNTech,17364398
United States,2021-02-02,Moderna,15006565
United States,2021-02-02,Pfizer/BioNTech,17672866
United States,2021-02-03,Moderna,15567188
United States,2021-02-03,Pfizer/BioNTech,18209204
United States,2021-02-04,Moderna,16260102
United States,2021-02-04,Pfizer/BioNTech,18841309
United States,2021-02-05,Moderna,17133644
United States,2021-02-05,Pfizer/BioNTech,19582865
United States,2021-02-06,Moderna,18336515
United States,2021-02-06,Pfizer/BioNTech,20598212
United States,2021-02-07,Moderna,19485089
United States,2021-02-07,Pfizer/BioNTech,21622193
United States,2021-02-08,Moderna,20066305
United States,2021-02-08,Pfizer/BioNTech,22247484
United States,2021-02-09,Moderna,20416765
United States,2021-02-09,Pfizer/BioNTech,22685406
United States,2021-02-10,Moderna,21189540
United States,2021-02-10,Pfizer/BioNTech,23475749
United States,2021-02-11,Moderna,22038088
United States,2021-02-11,Pfizer/BioNTech,24246868
United States,2021-02-12,Moderna,23111715
United States,2021-02-12,Pfizer/BioNTech,25192628
United States,2021-02-13,Moderna,24297615
United States,2021-02-13,Pfizer/BioNTech,26237417
United States,2021-02-14,Moderna,25505313
United States,2021-02-14,Pfizer/BioNTech,27271797
United States,2021-02-16,Moderna,26738383
United States,2021-02-16,Pfizer/BioNTech,28374410
United States,2021-02-17,Moderna,27287041
United States,2021-02-17,Pfizer/BioNTech,28886690
United States,2021-02-18,Moderna,28043413
United States,2021-02-18,Pfizer/BioNTech,29585627
United States,2021-02-19,Moderna,29044336
United States,2021-02-19,Pfizer/BioNTech,30431247
United States,2021-02-20,Moderna,29909492
United States,2021-02-20,Pfizer/BioNTech,31270062
United States,2021-02-21,Moderna,30747615
United States,2021-02-21,Pfizer/BioNTech,32232422
United States,2021-02-22,Moderna,31212925
United States,2021-02-22,Pfizer/BioNTech,32853883
United States,2021-02-23,Moderna,31569021
United States,2021-02-23,Pfizer/BioNTech,33352170
United States,2021-02-24,Moderna,32194245
United States,2021-02-24,Pfizer/BioNTech,34159027
United States,2021-02-25,Moderna,33066503
United States,2021-02-25,Pfizer/BioNTech,35095003
United States,2021-02-26,Moderna,34181226
United States,2021-02-26,Pfizer/BioNTech,36159403
United States,2021-02-27,Moderna,35422721
United States,2021-02-27,Pfizer/BioNTech,37269195
United States,2021-02-28,Moderna,36694414
United States,2021-02-28,Pfizer/BioNTech,38426567
United States,2021-03-01,Moderna,37522293
United States,2021-03-01,Pfizer/BioNTech,39262524
United States,2021-03-02,Moderna,38319678
United States,2021-03-02,Pfizer/BioNTech,40196532
United States,2021-03-03,Moderna,39248180
United States,2021-03-03,Pfizer/BioNTech,41175807
United States,2021-03-04,Moderna,40261524
United States,2021-03-04,Pfizer/BioNTech,42193285
United States,2021-03-05,Moderna,41507728
United States,2021-03-05,Pfizer/BioNTech,43373717
United States,2021-03-06,Moderna,42977312
United States,2021-03-06,Pfizer/BioNTech,44774584
United States,2021-03-07,Moderna,44195607
United States,2021-03-07,Pfizer/BioNTech,45932122
United States,2021-03-08,Johnson&Johnson,208590
United States,2021-03-08,Moderna,44936695
United States,2021-03-08,Pfizer/BioNTech,46824290
United States,2021-03-09,Johnson&Johnson,308181
United States,2021-03-09,Moderna,45635740
United States,2021-03-09,Pfizer/BioNTech,47628226
United States,2021-03-10,Johnson&Johnson,458911
United States,2021-03-10,Moderna,46535646
United States,2021-03-10,Pfizer/BioNTech,48605159
United States,2021-03-11,Johnson&Johnson,638469
United States,2021-03-11,Moderna,47733656
United States,2021-03-11,Pfizer/BioNTech,49708920
United States,2021-03-12,Johnson&Johnson,873726
United States,2021-03-12,Moderna,49169578
United States,2021-03-12,Pfizer/BioNTech,50960400
United States,2021-03-13,Johnson&Johnson,1189207
United States,2021-03-13,Moderna,51292130
United States,2021-03-13,Pfizer/BioNTech,53096054
United States,2021-03-14,Johnson&Johnson,1273958
United States,2021-03-14,Moderna,51951820
United States,2021-03-14,Pfizer/BioNTech,53708091
United States,2021-03-15,Johnson&Johnson,1428465
United States,2021-03-15,Moderna,52883263
United States,2021-03-15,Pfizer/BioNTech,54643581
United States,2021-03-16,Johnson&Johnson,1569675
United States,2021-03-16,Moderna,53647312
United States,2021-03-16,Pfizer/BioNTech,55393141
United States,2021-03-17,Johnson&Johnson,1766131
United States,2021-03-17,Moderna,54643195
United States,2021-03-17,Pfizer/BioNTech,56499018
United States,2021-03-18,Johnson&Johnson,1911052
United States,2021-03-18,Moderna,55811286
United States,2021-03-18,Pfizer/BioNTech,57876875
United States,2021-03-19,Johnson&Johnson,2025349
United States,2021-03-19,Moderna,56941640
United States,2021-03-19,Pfizer/BioNTech,59214724
United States,2021-03-20,Johnson&Johnson,2163681
United States,2021-03-20,Moderna,58294583
United States,2021-03-20,Pfizer/BioNTech,60849627
United States,2021-03-21,Johnson&Johnson,2298614
United States,2021-03-21,Moderna,59518840
United States,2021-03-21,Pfizer/BioNTech,62529418
United States,2021-03-22,Johnson&Johnson,2406337
United States,2021-03-22,Moderna,60275003
United States,2021-03-22,Pfizer/BioNTech,63693721
United States,2021-03-23,Johnson&Johnson,2489153
United States,2021-03-23,Moderna,60913292
United States,2021-03-23,Pfizer/BioNTech,64679659
United States,2021-03-24,Johnson&Johnson,2622182
United States,2021-03-24,Moderna,61719260
United States,2021-03-24,Pfizer/BioNTech,65995871
United States,2021-03-25,Johnson&Johnson,2734367
United States,2021-03-25,Moderna,62877755
United States,2021-03-25,Pfizer/BioNTech,67555076
United States,2021-03-26,Johnson&Johnson,2863246
United States,2021-03-26,Moderna,64313721
United States,2021-03-26,Pfizer/BioNTech,69368232
United States,2021-03-27,Johnson&Johnson,2982453
United States,2021-03-27,Moderna,65811340
United States,2021-03-27,Pfizer/BioNTech,71246219
United States,2021-03-28,Johnson&Johnson,3090712
United States,2021-03-28,Moderna,67249447
United States,2021-03-28,Pfizer/BioNTech,72981111
United States,2021-03-29,Johnson&Johnson,3155418
United States,2021-03-29,Moderna,68177850
United States,2021-03-29,Pfizer/BioNTech,74338025
United States,2021-03-30,Johnson&Johnson,3215657
United States,2021-03-30,Moderna,68858013
United States,2021-03-30,Pfizer/BioNTech,75386890
United States,2021-03-31,Johnson&Johnson,3307113
United States,2021-03-31,Moderna,69930956
United States,2021-03-31,Pfizer/BioNTech,76891912
United States,2021-04-01,Johnson&Johnson,3429880
United States,2021-04-01,Moderna,71338865
United States,2021-04-01,Pfizer/BioNTech,78717917
United States,2021-04-02,Johnson&Johnson,3617377
United States,2021-04-02,Moderna,72997571
United States,2021-04-02,Pfizer/BioNTech,80845236
United States,2021-04-03,Johnson&Johnson,3840647
United States,2021-04-03,Moderna,74713387
United States,2021-04-03,Pfizer/BioNTech,82986550
United States,2021-04-04,Johnson&Johnson,4054089
United States,2021-04-04,Moderna,76038933
United States,2021-04-04,Pfizer/BioNTech,84810406
United States,2021-04-05,Johnson&Johnson,4204015
United States,2021-04-05,Moderna,76791212
United States,2021-04-05,Pfizer/BioNTech,86041963
United States,2021-04-06,Johnson&Johnson,4299901
United States,2021-04-06,Moderna,77285350
United States,2021-04-06,Pfizer/BioNTech,86855993
United States,2021-04-07,Johnson&Johnson,4544552
United States,2021-04-07,Moderna,78315776
United States,2021-04-07,Pfizer/BioNTech,88463874
United States,2021-04-08,Johnson&Johnson,4917225
United States,2021-04-08,Moderna,79551820
United States,2021-04-08,Pfizer/BioNTech,90256586
United States,2021-04-09,Johnson&Johnson,5382365
United States,2021-04-09,Moderna,80944104
United States,2021-04-09,Pfizer/BioNTech,92355733
United States,2021-04-10,Johnson&Johnson,5972101
United States,2021-04-10,Moderna,82622178
United States,2021-04-10,Pfizer/BioNTech,94715143
United States,2021-04-11,Johnson&Johnson,6453740
United States,2021-04-11,Moderna,83847244
United States,2021-04-11,Pfizer/BioNTech,96586783
United States,2021-04-12,Johnson&Johnson,6859877
United States,2021-04-12,Moderna,84694388
United States,2021-04-12,Pfizer/BioNTech,97978125
United States,2021-04-13,Johnson&Johnson,7233726
United States,2021-04-13,Moderna,85435687
United States,2021-04-13,Pfizer/BioNTech,99453295
United States,2021-04-14,Johnson&Johnson,7517671
United States,2021-04-14,Moderna,86221076
United States,2021-04-14,Pfizer/BioNTech,100891617
United States,2021-04-15,Johnson&Johnson,7736781
United States,2021-04-15,Moderna,87539652
United States,2021-04-15,Pfizer/BioNTech,102877491
United States,2021-04-16,Johnson&Johnson,7848027
United States,2021-04-16,Moderna,89199649
United States,2021-04-16,Pfizer/BioNTech,105070417
United States,2021-04-17,Johnson&Johnson,7902746
United States,2021-04-17,Moderna,90718986
United States,2021-04-17,Pfizer/BioNTech,107083884
United States,2021-04-18,Johnson&Johnson,7935549
United States,2021-04-18,Moderna,92181455
United States,2021-04-18,Pfizer/BioNTech,109122092
