Entity,Day,daily_vaccinations
Alabama,2021-01-13,5906
Alabama,2021-01-14,7083
Alabama,2021-01-15,7478
Alabama,2021-01-16,7498
Alabama,2021-01-17,7509
Alabama,2021-01-18,7517
Alabama,2021-01-19,7523
Alabama,2021-01-20,7880
Alabama,2021-01-21,10517
Alabama,2021-01-22,14107
Alabama,2021-01-23,16202
Alabama,2021-01-24,18294
Alabama,2021-01-25,18196
Alabama,2021-01-26,17738
Alabama,2021-01-27,18178
Alabama,2021-01-28,16153
Alabama,2021-01-29,14514
Alabama,2021-01-30,17271
Alabama,2021-01-31,15748
Alabama,2021-02-01,15381
Alabama,2021-02-02,16703
Alabama,2021-02-03,17414
Alabama,2021-02-04,18491
Alabama,2021-02-05,18526
Alabama,2021-02-06,16105
Alabama,2021-02-07,15480
Alabama,2021-02-08,15622
Alabama,2021-02-09,17012
Alabama,2021-02-10,18209
Alabama,2021-02-11,19258
Alabama,2021-02-12,20074
Alabama,2021-02-13,20855
Alabama,2021-02-14,21417
Alabama,2021-02-15,22405
Alabama,2021-02-16,20816
Alabama,2021-02-17,19174
Alabama,2021-02-18,18400
Alabama,2021-02-19,24002
Alabama,2021-02-20,25111
Alabama,2021-02-21,25194
Alabama,2021-02-22,24164
Alabama,2021-02-23,25489
Alabama,2021-02-24,27098
Alabama,2021-02-25,27531
Alabama,2021-02-26,22104
Alabama,2021-02-27,22022
Alabama,2021-02-28,21984
Alabama,2021-03-01,22111
Alabama,2021-03-02,22436
Alabama,2021-03-03,22904
Alabama,2021-03-04,23916
Alabama,2021-03-05,24388
Alabama,2021-03-06,24087
Alabama,2021-03-07,23947
Alabama,2021-03-08,24040
Alabama,2021-03-09,24118
Alabama,2021-03-10,24827
Alabama,2021-03-11,25376
Alabama,2021-03-12,26375
Alabama,2021-03-13,26935
Alabama,2021-03-14,26926
Alabama,2021-03-15,27106
Alabama,2021-03-16,27331
Alabama,2021-03-17,27167
Alabama,2021-03-18,25752
Alabama,2021-03-19,25356
Alabama,2021-03-20,24649
Alabama,2021-03-21,24865
Alabama,2021-03-22,24693
Alabama,2021-03-23,25307
Alabama,2021-03-24,25490
Alabama,2021-03-25,27004
Alabama,2021-03-26,26387
Alabama,2021-03-27,26439
Alabama,2021-03-28,26634
Alabama,2021-03-29,26759
Alabama,2021-03-30,26885
Alabama,2021-03-31,26617
Alabama,2021-04-01,27555
Alabama,2021-04-02,28865
Alabama,2021-04-03,28769
Alabama,2021-04-04,28533
Alabama,2021-04-05,28325
Alabama,2021-04-06,28468
Alabama,2021-04-07,29498
Alabama,2021-04-08,29195
Alabama,2021-04-09,29696
Alabama,2021-04-10,31155
Alabama,2021-04-11,31967
Alabama,2021-04-12,32519
Alabama,2021-04-13,32914
Alabama,2021-04-14,33381
Alabama,2021-04-15,33007
Alabama,2021-04-16,32034
Alabama,2021-04-17,30766
Alabama,2021-04-18,29953
Alabama,2021-04-19,29296
Alabama,2021-04-20,28635
Alabama,2021-04-21,27377
Alabama,2021-04-22,26702
Alabama,2021-04-23,26294
Alaska,2021-01-13,2842
Alaska,2021-01-14,3379
Alaska,2021-01-15,4400
Alaska,2021-01-16,4381
Alaska,2021-01-17,4369
Alaska,2021-01-18,4362
Alaska,2021-01-19,4356
Alaska,2021-01-20,4230
Alaska,2021-01-21,4187
Alaska,2021-01-22,4580
Alaska,2021-01-23,4997
Alaska,2021-01-24,5225
Alaska,2021-01-25,5003
Alaska,2021-01-26,4545
Alaska,2021-01-27,4758
Alaska,2021-01-28,4850
Alaska,2021-01-29,4186
Alaska,2021-01-30,3846
Alaska,2021-01-31,3619
Alaska,2021-02-01,3570
Alaska,2021-02-02,3613
Alaska,2021-02-03,3453
Alaska,2021-02-04,3440
Alaska,2021-02-05,3372
Alaska,2021-02-06,3411
Alaska,2021-02-07,3785
Alaska,2021-02-08,4131
Alaska,2021-02-09,4204
Alaska,2021-02-10,4356
Alaska,2021-02-11,4620
Alaska,2021-02-12,4776
Alaska,2021-02-13,5142
Alaska,2021-02-14,5393
Alaska,2021-02-15,5212
Alaska,2021-02-16,5448
Alaska,2021-02-17,5337
Alaska,2021-02-18,5268
Alaska,2021-02-19,6970
Alaska,2021-02-20,7466
Alaska,2021-02-21,7330
Alaska,2021-02-22,7266
Alaska,2021-02-23,6988
Alaska,2021-02-24,7148
Alaska,2021-02-25,7201
Alaska,2021-02-26,5444
Alaska,2021-02-27,4591
Alaska,2021-02-28,4229
Alaska,2021-03-01,4304
Alaska,2021-03-02,4288
Alaska,2021-03-03,4243
Alaska,2021-03-04,3905
Alaska,2021-03-05,3876
Alaska,2021-03-06,4155
Alaska,2021-03-07,4329
Alaska,2021-03-08,4248
Alaska,2021-03-09,4678
Alaska,2021-03-10,4917
Alaska,2021-03-11,5211
Alaska,2021-03-12,5294
Alaska,2021-03-13,5092
Alaska,2021-03-14,5473
Alaska,2021-03-15,5571
Alaska,2021-03-16,5280
Alaska,2021-03-17,5460
Alaska,2021-03-18,5390
Alaska,2021-03-19,5361
Alaska,2021-03-20,5490
Alaska,2021-03-21,5583
Alaska,2021-03-22,5493
Alaska,2021-03-23,5273
Alaska,2021-03-24,4758
Alaska,2021-03-25,4773
Alaska,2021-03-26,4817
Alaska,2021-03-27,4707
Alaska,2021-03-28,4152
Alaska,2021-03-29,3956
Alaska,2021-03-30,3969
Alaska,2021-03-31,3991
Alaska,2021-04-01,3861
Alaska,2021-04-02,3702
Alaska,2021-04-03,3513
Alaska,2021-04-04,3865
Alaska,2021-04-05,4022
Alaska,2021-04-06,4050
Alaska,2021-04-07,4207
Alaska,2021-04-08,4537
Alaska,2021-04-09,4664
Alaska,2021-04-10,5069
Alaska,2021-04-11,4676
Alaska,2021-04-12,4831
Alaska,2021-04-13,9046
Alaska,2021-04-14,9009
Alaska,2021-04-15,8075
Alaska,2021-04-16,8075
Alaska,2021-04-17,7732
Alaska,2021-04-18,7745
Alaska,2021-04-19,7467
Alaska,2021-04-20,3288
Alaska,2021-04-21,3574
Alaska,2021-04-22,4331
Alaska,2021-04-23,4098
Arizona,2021-01-13,13390
Arizona,2021-01-14,16155
Arizona,2021-01-15,18577
Arizona,2021-01-16,18257
Arizona,2021-01-17,18065
Arizona,2021-01-18,17937
Arizona,2021-01-19,17846
Arizona,2021-01-20,18163
Arizona,2021-01-21,18605
Arizona,2021-01-22,18895
Arizona,2021-01-23,20939
Arizona,2021-01-24,22706
Arizona,2021-01-25,23526
Arizona,2021-01-26,23517
Arizona,2021-01-27,25196
Arizona,2021-01-28,26179
Arizona,2021-01-29,27393
Arizona,2021-01-30,28059
Arizona,2021-01-31,29069
Arizona,2021-02-01,29564
Arizona,2021-02-02,28681
Arizona,2021-02-03,28255
Arizona,2021-02-04,28424
Arizona,2021-02-05,28337
Arizona,2021-02-06,29917
Arizona,2021-02-07,30732
Arizona,2021-02-08,31487
Arizona,2021-02-09,33164
Arizona,2021-02-10,34531
Arizona,2021-02-11,36494
Arizona,2021-02-12,38691
Arizona,2021-02-13,39176
Arizona,2021-02-14,39989
Arizona,2021-02-15,40122
Arizona,2021-02-16,41539
Arizona,2021-02-17,38163
Arizona,2021-02-18,37314
Arizona,2021-02-26,42127
Arizona,2021-02-27,43278
Arizona,2021-02-28,46110
Arizona,2021-03-06,45071
Arizona,2021-03-20,48762
Arizona,2021-03-21,47913
Arizona,2021-03-22,48184
Arizona,2021-03-23,45042
Arizona,2021-03-24,44646
Arkansas,2021-01-14,33718
Arkansas,2021-01-15,25820
Arkansas,2021-01-16,20865
Arkansas,2021-01-17,17892
Arkansas,2021-01-18,15910
Arkansas,2021-01-19,14494
Arkansas,2021-01-20,11208
Arkansas,2021-01-21,9285
Arkansas,2021-01-22,11905
Arkansas,2021-01-23,11048
Arkansas,2021-01-24,11986
Arkansas,2021-01-25,12108
Arkansas,2021-01-26,13422
Arkansas,2021-01-27,11359
Arkansas,2021-01-28,11359
Arkansas,2021-01-29,9760
Arkansas,2021-01-30,12425
Arkansas,2021-01-31,12793
Arkansas,2021-02-01,12876
Arkansas,2021-02-02,11169
Arkansas,2021-02-03,9946
Arkansas,2021-02-04,12200
Arkansas,2021-02-05,11597
Arkansas,2021-02-06,12289
Arkansas,2021-02-07,12807
Arkansas,2021-02-08,12919
Arkansas,2021-02-09,12808
Arkansas,2021-02-10,13658
Arkansas,2021-02-11,13225
Arkansas,2021-02-12,13710
Arkansas,2021-02-13,11816
Arkansas,2021-02-14,11299
Arkansas,2021-02-15,10903
Arkansas,2021-02-16,11330
Arkansas,2021-02-17,9842
Arkansas,2021-02-18,8562
Arkansas,2021-02-19,10018
Arkansas,2021-02-20,9074
Arkansas,2021-02-21,7990
Arkansas,2021-02-22,8204
Arkansas,2021-02-23,8108
Arkansas,2021-02-24,9645
Arkansas,2021-02-25,11688
Arkansas,2021-02-26,11531
Arkansas,2021-02-27,14537
Arkansas,2021-02-28,17263
Arkansas,2021-03-01,18023
Arkansas,2021-03-02,18660
Arkansas,2021-03-03,18995
Arkansas,2021-03-04,18831
Arkansas,2021-03-05,17967
Arkansas,2021-03-06,17353
Arkansas,2021-03-07,16564
Arkansas,2021-03-08,15969
Arkansas,2021-03-09,15991
Arkansas,2021-03-10,15964
Arkansas,2021-03-11,13675
Arkansas,2021-03-12,16122
Arkansas,2021-03-13,19784
Arkansas,2021-03-14,16767
Arkansas,2021-03-15,17033
Arkansas,2021-03-16,16330
Arkansas,2021-03-17,16211
Arkansas,2021-03-18,18539
Arkansas,2021-03-19,16616
Arkansas,2021-03-20,13192
Arkansas,2021-03-21,16694
Arkansas,2021-03-22,16570
Arkansas,2021-03-23,16479
Arkansas,2021-03-24,17120
Arkansas,2021-03-25,18064
Arkansas,2021-03-26,19037
Arkansas,2021-03-27,19925
Arkansas,2021-03-28,20629
Arkansas,2021-03-29,20738
Arkansas,2021-03-30,20956
Arkansas,2021-03-31,21542
Arkansas,2021-04-01,21951
Arkansas,2021-04-02,22557
Arkansas,2021-04-03,27298
Arkansas,2021-04-04,23274
Arkansas,2021-04-05,23189
Arkansas,2021-04-06,23719
Arkansas,2021-04-07,23990
Arkansas,2021-04-08,24232
Arkansas,2021-04-09,23095
Arkansas,2021-04-10,19233
Arkansas,2021-04-11,23211
Arkansas,2021-04-12,23244
Arkansas,2021-04-13,22724
Arkansas,2021-04-14,22439
Arkansas,2021-04-15,22221
Arkansas,2021-04-16,22285
Arkansas,2021-04-17,20800
Arkansas,2021-04-18,20359
Arkansas,2021-04-19,19942
Arkansas,2021-04-20,20109
Arkansas,2021-04-21,19587
Arkansas,2021-04-22,18842
Arkansas,2021-04-23,18072
Colorado,2021-01-13,15237
Colorado,2021-01-14,15139
Colorado,2021-01-15,15935
Colorado,2021-01-16,15580
Colorado,2021-01-17,15367
Colorado,2021-01-18,15225
Colorado,2021-01-19,15123
Colorado,2021-01-20,14396
Colorado,2021-01-21,14070
Colorado,2021-01-22,15007
Colorado,2021-01-23,12934
Colorado,2021-01-24,19033
Colorado,2021-01-25,18872
Colorado,2021-01-26,18208
Colorado,2021-01-27,19156
Colorado,2021-01-28,20359
Colorado,2021-01-29,20657
Colorado,2021-01-30,24010
Colorado,2021-01-31,19248
Colorado,2021-02-01,20272
Colorado,2021-02-02,20514
Colorado,2021-02-03,20371
Colorado,2021-02-04,20460
Colorado,2021-02-05,19975
Colorado,2021-02-06,21358
Colorado,2021-02-07,22952
Colorado,2021-02-08,23168
Colorado,2021-02-09,22316
Colorado,2021-02-10,24274
Colorado,2021-02-11,25169
Colorado,2021-02-12,26131
Colorado,2021-02-13,27246
Colorado,2021-02-14,28130
Colorado,2021-02-15,30249
Colorado,2021-02-16,34720
Colorado,2021-02-17,33875
Colorado,2021-02-18,33990
Colorado,2021-02-19,41118
Colorado,2021-02-20,40331
Colorado,2021-02-21,39336
Colorado,2021-02-22,38285
Colorado,2021-02-23,33267
Colorado,2021-02-24,34876
Colorado,2021-02-25,34456
Colorado,2021-02-26,27248
Colorado,2021-02-27,22403
Colorado,2021-02-28,24202
Colorado,2021-03-01,25887
Colorado,2021-03-02,27913
Colorado,2021-03-03,27679
Colorado,2021-03-04,28668
Colorado,2021-03-05,29383
Colorado,2021-03-06,36492
Colorado,2021-03-07,36417
Colorado,2021-03-08,30650
Colorado,2021-03-09,31695
Colorado,2021-03-10,33203
Colorado,2021-03-11,38451
Colorado,2021-03-12,41169
Colorado,2021-03-13,42625
Colorado,2021-03-14,36020
Colorado,2021-03-15,43751
Colorado,2021-03-16,42517
Colorado,2021-03-17,41865
Colorado,2021-03-18,37878
Colorado,2021-03-19,37605
Colorado,2021-03-20,44230
Colorado,2021-03-27,44676
Colorado,2021-03-28,45531
Colorado,2021-03-29,46590
Colorado,2021-03-30,47840
Connecticut,2021-01-13,10480
Connecticut,2021-01-14,10251
Connecticut,2021-01-15,11490
Connecticut,2021-01-16,11346
Connecticut,2021-01-17,11260
Connecticut,2021-01-18,11202
Connecticut,2021-01-19,11161
Connecticut,2021-01-20,11609
Connecticut,2021-01-21,13259
Connecticut,2021-01-22,14511
Connecticut,2021-01-23,15716
Connecticut,2021-01-24,16292
Connecticut,2021-01-25,16094
Connecticut,2021-01-26,16160
Connecticut,2021-01-27,16836
Connecticut,2021-01-28,16636
Connecticut,2021-01-29,16561
Connecticut,2021-01-30,16342
Connecticut,2021-01-31,16444
Connecticut,2021-02-01,16856
Connecticut,2021-02-02,16207
Connecticut,2021-02-03,14860
Connecticut,2021-02-04,14381
Connecticut,2021-02-05,14140
Connecticut,2021-02-06,14030
Connecticut,2021-02-07,13871
Connecticut,2021-02-08,13309
Connecticut,2021-02-09,14033
Connecticut,2021-02-10,15677
Connecticut,2021-02-11,16918
Connecticut,2021-02-12,17762
Connecticut,2021-02-13,19338
Connecticut,2021-02-14,20109
Connecticut,2021-02-15,21501
Connecticut,2021-02-16,22403
Connecticut,2021-02-17,23349
Connecticut,2021-02-18,23848
Connecticut,2021-02-19,27991
Connecticut,2021-02-20,27579
Connecticut,2021-02-21,26547
Connecticut,2021-02-22,27122
Connecticut,2021-02-23,25963
Connecticut,2021-02-24,24835
Connecticut,2021-02-25,22680
Connecticut,2021-02-26,18791
Connecticut,2021-02-27,18913
Connecticut,2021-02-28,20562
Connecticut,2021-03-01,21218
Connecticut,2021-03-02,21039
Connecticut,2021-03-03,21335
Connecticut,2021-03-04,23052
Connecticut,2021-03-05,23909
Connecticut,2021-03-06,25272
Connecticut,2021-03-07,27307
Connecticut,2021-03-08,28223
Connecticut,2021-03-09,29362
Connecticut,2021-03-10,30172
Connecticut,2021-03-11,30998
Connecticut,2021-03-12,31976
Connecticut,2021-03-13,36344
Connecticut,2021-03-14,30845
Connecticut,2021-03-15,30511
Connecticut,2021-03-16,30664
Connecticut,2021-03-17,30144
Connecticut,2021-03-18,30092
Connecticut,2021-03-19,29447
Connecticut,2021-03-20,24994
Connecticut,2021-03-21,30223
Connecticut,2021-03-22,30843
Connecticut,2021-03-23,30939
Connecticut,2021-03-24,31102
Connecticut,2021-03-25,31745
Connecticut,2021-03-26,31795
Connecticut,2021-03-27,32481
Connecticut,2021-03-28,33028
Connecticut,2021-03-29,33324
Connecticut,2021-03-30,35386
Connecticut,2021-03-31,36137
Connecticut,2021-04-01,36534
Connecticut,2021-04-02,37357
Connecticut,2021-04-03,39768
Connecticut,2021-04-04,40602
Connecticut,2021-04-05,41015
Connecticut,2021-04-06,37368
Connecticut,2021-04-07,38964
Connecticut,2021-04-08,40945
Connecticut,2021-04-09,43629
Connecticut,2021-04-10,42802
Connecticut,2021-04-11,44741
Connecticut,2021-04-12,45702
Connecticut,2021-04-15,47576
Connecticut,2021-04-16,47224
Connecticut,2021-04-17,47019
Connecticut,2021-04-18,45538
Connecticut,2021-04-19,44297
Connecticut,2021-04-20,43276
Connecticut,2021-04-21,42592
Connecticut,2021-04-22,43003
Connecticut,2021-04-23,40810
Delaware,2021-01-13,2003
Delaware,2021-01-14,2340
Delaware,2021-01-15,1560
Delaware,2021-01-16,1887
Delaware,2021-01-17,2083
Delaware,2021-01-18,2213
Delaware,2021-01-19,2307
Delaware,2021-01-20,2461
Delaware,2021-01-21,2611
Delaware,2021-01-22,3310
Delaware,2021-01-23,3724
Delaware,2021-01-24,3909
Delaware,2021-01-25,3889
Delaware,2021-01-26,3707
Delaware,2021-01-27,4544
Delaware,2021-01-28,4703
Delaware,2021-01-29,4720
Delaware,2021-01-30,4641
Delaware,2021-01-31,5110
Delaware,2021-02-01,5112
Delaware,2021-02-02,5038
Delaware,2021-02-03,4299
Delaware,2021-02-04,4071
Delaware,2021-02-05,3847
Delaware,2021-02-06,3709
Delaware,2021-02-07,3353
Delaware,2021-02-08,3422
Delaware,2021-02-09,3393
Delaware,2021-02-10,3225
Delaware,2021-02-11,3227
Delaware,2021-02-12,3195
Delaware,2021-02-13,3375
Delaware,2021-02-14,3287
Delaware,2021-02-15,3252
Delaware,2021-02-16,3552
Delaware,2021-02-17,3571
Delaware,2021-02-18,3782
Delaware,2021-02-19,5531
Delaware,2021-02-20,5500
Delaware,2021-02-21,4929
Delaware,2021-02-22,4927
Delaware,2021-02-23,4890
Delaware,2021-02-24,4961
Delaware,2021-02-25,5098
Delaware,2021-02-26,4063
Delaware,2021-02-27,4591
Delaware,2021-02-28,5482
Delaware,2021-03-01,5925
Delaware,2021-03-02,5543
Delaware,2021-03-03,6833
Delaware,2021-03-04,7237
Delaware,2021-03-05,7327
Delaware,2021-03-06,7409
Delaware,2021-03-07,8022
Delaware,2021-03-08,7900
Delaware,2021-03-09,8526
Delaware,2021-03-10,6799
Delaware,2021-03-11,7643
Delaware,2021-03-12,7564
Delaware,2021-03-13,7598
Delaware,2021-03-14,6046
Delaware,2021-03-15,7603
Delaware,2021-03-16,7618
Delaware,2021-03-17,8702
Delaware,2021-03-18,7839
Delaware,2021-03-19,7720
Delaware,2021-03-20,7768
Delaware,2021-03-21,9222
Delaware,2021-03-22,7894
Delaware,2021-03-23,7247
Delaware,2021-03-24,7289
Delaware,2021-03-25,7438
Delaware,2021-03-26,7935
Delaware,2021-03-27,7996
Delaware,2021-03-28,8061
Delaware,2021-03-29,8344
Delaware,2021-03-30,9184
Delaware,2021-03-31,9467
Delaware,2021-04-01,9611
Delaware,2021-04-02,9775
Delaware,2021-04-03,10083
Delaware,2021-04-04,9975
Delaware,2021-04-05,9838
Delaware,2021-04-06,9374
Delaware,2021-04-07,9225
Delaware,2021-04-08,8959
Delaware,2021-04-09,9124
Delaware,2021-04-10,8973
Delaware,2021-04-11,9646
Delaware,2021-04-12,9427
Delaware,2021-04-13,9831
Delaware,2021-04-14,10233
Delaware,2021-04-15,10796
Delaware,2021-04-16,10834
Delaware,2021-04-17,10813
Delaware,2021-04-18,10349
Delaware,2021-04-19,10670
Delaware,2021-04-20,10645
Delaware,2021-04-21,10398
Delaware,2021-04-22,10115
Delaware,2021-04-23,9861
Georgia,2021-01-13,28185
Georgia,2021-01-14,30367
Georgia,2021-01-15,20245
Georgia,2021-01-16,20248
Georgia,2021-01-17,20250
Georgia,2021-01-18,20251
Georgia,2021-01-19,20252
Georgia,2021-01-20,28327
Georgia,2021-01-21,31794
Georgia,2021-01-24,47464
Georgia,2021-01-25,44570
Georgia,2021-01-27,45117
Georgia,2021-01-28,44336
Georgia,2021-01-29,29544
Georgia,2021-01-30,36097
Georgia,2021-01-31,43160
Georgia,2021-02-01,46636
Georgia,2021-02-02,38782
Georgia,2021-02-03,37453
Georgia,2021-02-04,34833
Georgia,2021-02-05,34476
Georgia,2021-02-06,34588
Georgia,2021-02-07,34263
Georgia,2021-02-08,33889
Georgia,2021-02-09,34269
Georgia,2021-02-10,35545
Georgia,2021-02-11,37854
Georgia,2021-02-12,31628
Georgia,2021-02-13,32847
Georgia,2021-02-14,41671
Georgia,2021-02-15,41120
Georgia,2021-02-16,41927
Georgia,2021-02-17,35656
Georgia,2021-02-18,42314
Georgia,2021-02-26,41854
Georgia,2021-02-27,40474
Georgia,2021-02-28,31656
Georgia,2021-03-01,28421
Georgia,2021-03-02,29231
Georgia,2021-03-03,30608
Georgia,2021-03-04,32206
Georgia,2021-03-05,34177
Georgia,2021-03-06,34002
Georgia,2021-03-07,42017
Georgia,2021-03-08,45624
Georgia,2021-03-09,45880
Georgia,2021-03-10,39354
Georgia,2021-03-11,42373
Georgia,2021-03-19,44629
Hawaii,2021-01-13,3122
Hawaii,2021-01-14,7251
Hawaii,2021-01-15,4492
Hawaii,2021-01-16,4431
Hawaii,2021-01-17,4395
Hawaii,2021-01-18,4370
Hawaii,2021-01-19,4353
Hawaii,2021-01-20,5048
Hawaii,2021-01-21,4490
Hawaii,2021-01-22,5405
Hawaii,2021-01-23,4798
Hawaii,2021-01-24,4191
Hawaii,2021-01-25,4627
Hawaii,2021-01-26,4258
Hawaii,2021-01-27,3678
Hawaii,2021-01-28,3504
Hawaii,2021-01-29,3767
Hawaii,2021-01-30,5101
Hawaii,2021-01-31,6354
Hawaii,2021-02-01,6249
Hawaii,2021-02-02,6308
Hawaii,2021-02-03,6571
Hawaii,2021-02-04,6738
Hawaii,2021-02-05,8364
Hawaii,2021-02-06,8365
Hawaii,2021-02-07,8254
Hawaii,2021-02-08,8314
Hawaii,2021-02-09,8017
Hawaii,2021-02-10,7193
Hawaii,2021-02-11,7073
Hawaii,2021-02-12,5585
Hawaii,2021-02-13,5532
Hawaii,2021-02-14,5449
Hawaii,2021-02-15,5306
Hawaii,2021-02-16,6162
Hawaii,2021-02-17,6669
Hawaii,2021-02-18,6682
Hawaii,2021-02-19,13223
Hawaii,2021-02-20,13564
Hawaii,2021-02-21,13968
Hawaii,2021-02-22,14306
Hawaii,2021-02-23,13775
Hawaii,2021-02-24,14151
Hawaii,2021-02-25,14501
Hawaii,2021-02-26,8248
Hawaii,2021-02-27,8288
Hawaii,2021-02-28,8547
Hawaii,2021-03-01,8332
Hawaii,2021-03-02,8453
Hawaii,2021-03-03,8489
Hawaii,2021-03-04,8910
Hawaii,2021-03-05,8984
Hawaii,2021-03-06,9085
Hawaii,2021-03-07,7605
Hawaii,2021-03-08,9049
Hawaii,2021-03-09,10190
Hawaii,2021-03-10,10952
Hawaii,2021-03-11,11146
Hawaii,2021-03-12,11641
Hawaii,2021-03-13,11817
Hawaii,2021-03-14,13143
Hawaii,2021-03-15,12178
Hawaii,2021-03-16,11718
Hawaii,2021-03-17,11894
Hawaii,2021-03-18,11919
Hawaii,2021-03-19,11998
Hawaii,2021-03-20,11797
Hawaii,2021-03-21,11783
Hawaii,2021-03-22,10853
Hawaii,2021-03-23,10800
Hawaii,2021-03-24,10424
Hawaii,2021-03-25,9989
Hawaii,2021-03-26,10306
Hawaii,2021-03-27,8751
Hawaii,2021-03-28,7371
Hawaii,2021-03-29,10179
Hawaii,2021-03-30,10141
Hawaii,2021-03-31,10497
Hawaii,2021-04-01,10735
Hawaii,2021-04-02,10361
Hawaii,2021-04-03,11625
Hawaii,2021-04-04,13645
Hawaii,2021-04-05,11187
Hawaii,2021-04-06,11168
Hawaii,2021-04-07,11236
Hawaii,2021-04-08,11593
Hawaii,2021-04-09,12049
Hawaii,2021-04-10,10791
Hawaii,2021-04-11,11027
Hawaii,2021-04-12,12837
Hawaii,2021-04-13,13327
Hawaii,2021-04-14,13885
Hawaii,2021-04-15,13747
Hawaii,2021-04-16,13592
Hawaii,2021-04-17,15152
Hawaii,2021-04-18,14637
Hawaii,2021-04-19,12779
Hawaii,2021-04-20,30225
Hawaii,2021-04-21,29677
Hawaii,2021-04-22,29961
Hawaii,2021-04-23,29523
Idaho,2021-01-13,3027
Idaho,2021-01-14,3370
Idaho,2021-01-15,3597
Idaho,2021-01-16,3781
Idaho,2021-01-17,3892
Idaho,2021-01-18,3966
Idaho,2021-01-19,4019
Idaho,2021-01-20,4342
Idaho,2021-01-21,4398
Idaho,2021-01-22,4479
Idaho,2021-01-23,4524
Idaho,2021-01-24,4546
Idaho,2021-01-25,4519
Idaho,2021-01-26,4256
Idaho,2021-01-27,3961
Idaho,2021-01-28,4204
Idaho,2021-01-29,4412
Idaho,2021-01-30,4584
Idaho,2021-01-31,4822
Idaho,2021-02-01,4729
Idaho,2021-02-02,4697
Idaho,2021-02-03,5056
Idaho,2021-02-04,5585
Idaho,2021-02-05,7217
Idaho,2021-02-06,8784
Idaho,2021-02-07,9257
Idaho,2021-02-08,10173
Idaho,2021-02-09,10311
Idaho,2021-02-10,10428
Idaho,2021-02-11,10309
Idaho,2021-02-12,7810
Idaho,2021-02-13,6481
Idaho,2021-02-14,8088
Idaho,2021-02-15,8196
Idaho,2021-02-16,9257
Idaho,2021-02-17,9256
Idaho,2021-02-18,9202
Idaho,2021-02-19,12941
Idaho,2021-02-20,13126
Idaho,2021-02-21,12006
Idaho,2021-02-22,11898
Idaho,2021-02-23,10974
Idaho,2021-02-24,10909
Idaho,2021-02-25,11216
Idaho,2021-02-26,8924
Idaho,2021-02-27,9276
Idaho,2021-02-28,9433
Idaho,2021-03-01,9715
Idaho,2021-03-02,9885
Idaho,2021-03-03,10346
Idaho,2021-03-04,10173
Idaho,2021-03-05,10768
Idaho,2021-03-06,11290
Idaho,2021-03-07,11239
Idaho,2021-03-08,11146
Idaho,2021-03-09,11368
Idaho,2021-03-10,11225
Idaho,2021-03-11,11396
Idaho,2021-03-12,11431
Idaho,2021-03-13,11251
Idaho,2021-03-14,11304
Idaho,2021-03-15,11055
Idaho,2021-03-16,10980
Idaho,2021-03-17,9892
Idaho,2021-03-18,11219
Idaho,2021-03-19,11505
Idaho,2021-03-20,12307
Idaho,2021-03-21,12776
Idaho,2021-03-22,12968
Idaho,2021-03-23,12979
Idaho,2021-03-24,14230
Idaho,2021-03-25,13179
Idaho,2021-03-26,13121
Idaho,2021-03-27,12648
Idaho,2021-03-28,12634
Idaho,2021-03-29,12358
Idaho,2021-03-30,12002
Idaho,2021-03-31,12282
Idaho,2021-04-01,12565
Idaho,2021-04-02,12527
Idaho,2021-04-03,12716
Idaho,2021-04-04,12740
Idaho,2021-04-05,12816
Idaho,2021-04-06,12553
Idaho,2021-04-07,12809
Idaho,2021-04-08,12618
Idaho,2021-04-09,12949
Idaho,2021-04-10,12854
Idaho,2021-04-11,13251
Idaho,2021-04-12,13389
Idaho,2021-04-13,13740
Idaho,2021-04-14,10747
Idaho,2021-04-15,10592
Idaho,2021-04-16,10163
Idaho,2021-04-17,9894
Idaho,2021-04-18,9230
Idaho,2021-04-19,8700
Idaho,2021-04-20,8553
Idaho,2021-04-21,10991
Idaho,2021-04-22,10712
Idaho,2021-04-23,10436
Illinois,2021-01-13,18854
Illinois,2021-01-14,28330
Illinois,2021-01-15,30253
Illinois,2021-01-16,28158
Illinois,2021-01-17,26902
Illinois,2021-01-18,26064
Illinois,2021-01-19,25465
Illinois,2021-01-20,24867
Illinois,2021-01-21,23837
Illinois,2021-01-22,24248
Illinois,2021-01-23,27873
Illinois,2021-01-24,31080
Illinois,2021-01-25,31402
Illinois,2021-01-26,30390
Illinois,2021-01-27,32390
Illinois,2021-01-28,36114
Illinois,2021-01-29,39571
Illinois,2021-01-30,42007
Illinois,2021-01-31,44626
Illinois,2021-02-01,47373
Illinois,2021-02-02,47870
Illinois,2021-02-03,48845
Indiana,2021-01-13,19490
Indiana,2021-01-14,20822
Indiana,2021-01-15,22822
Indiana,2021-01-16,21765
Indiana,2021-01-17,21131
Indiana,2021-01-18,20708
Indiana,2021-01-19,20406
Indiana,2021-01-20,20722
Indiana,2021-01-21,21950
Indiana,2021-01-22,21974
Indiana,2021-01-23,23875
Indiana,2021-01-24,21219
Indiana,2021-01-25,25109
Indiana,2021-01-26,23448
Indiana,2021-01-27,23971
Indiana,2021-01-28,23572
Indiana,2021-01-29,23885
Indiana,2021-01-30,23022
Indiana,2021-01-31,23022
Indiana,2021-02-01,16476
Indiana,2021-02-02,16209
Indiana,2021-02-03,16224
Indiana,2021-02-04,17007
Indiana,2021-02-05,18509
Indiana,2021-02-06,20369
Indiana,2021-02-07,20369
Indiana,2021-02-08,20369
Indiana,2021-02-09,21254
Indiana,2021-02-10,22565
Indiana,2021-02-11,22977
Indiana,2021-02-12,23240
Indiana,2021-02-13,38430
Indiana,2021-02-14,44158
Indiana,2021-02-15,46507
Indiana,2021-02-16,47242
Indiana,2021-02-17,45387
Indiana,2021-02-18,41992
Indiana,2021-02-19,45789
Indiana,2021-02-20,30805
Indiana,2021-02-21,30138
Indiana,2021-02-22,31003
Indiana,2021-02-23,29588
Indiana,2021-02-24,35377
Indiana,2021-02-25,47617
Indiana,2021-02-26,44421
Indiana,2021-02-27,45361
Indiana,2021-02-28,45786
Indiana,2021-03-01,46116
Indiana,2021-03-02,46529
Indiana,2021-03-03,42373
Indiana,2021-03-04,34034
Indiana,2021-03-05,34798
Indiana,2021-03-06,35551
Indiana,2021-03-07,36332
Indiana,2021-03-08,37786
Indiana,2021-03-09,38324
Indiana,2021-03-10,39535
Indiana,2021-03-11,40220
Indiana,2021-03-12,40240
Indiana,2021-03-13,46622
Indiana,2021-03-14,40366
Indiana,2021-03-15,40095
Indiana,2021-03-16,39686
Indiana,2021-03-17,38939
Indiana,2021-03-18,39053
Indiana,2021-03-19,39161
Indiana,2021-03-20,33398
Indiana,2021-03-21,39948
Indiana,2021-03-22,39601
Indiana,2021-03-23,39527
Indiana,2021-03-24,40272
Indiana,2021-03-25,41181
Indiana,2021-03-26,42033
Indiana,2021-03-27,42027
Indiana,2021-03-28,41932
Indiana,2021-03-29,42471
Indiana,2021-03-30,42404
Indiana,2021-03-31,42611
Indiana,2021-04-01,42829
Indiana,2021-04-02,43612
Indiana,2021-04-03,45326
Indiana,2021-04-04,45201
Indiana,2021-04-05,44824
Indiana,2021-04-06,44708
Indiana,2021-04-07,44677
Indiana,2021-04-08,45393
Indiana,2021-04-09,46487
Indiana,2021-04-10,46967
Indiana,2021-04-17,47630
Indiana,2021-04-18,46237
Indiana,2021-04-19,43085
Indiana,2021-04-20,42223
Indiana,2021-04-21,45873
Indiana,2021-04-22,43159
Indiana,2021-04-23,41121
Iowa,2021-01-13,13402
Iowa,2021-01-14,6701
Iowa,2021-01-15,7431
Iowa,2021-01-16,7071
Iowa,2021-01-17,6856
Iowa,2021-01-18,6712
Iowa,2021-01-19,6609
Iowa,2021-01-20,5394
Iowa,2021-01-21,6664
Iowa,2021-01-22,7089
Iowa,2021-01-23,7591
Iowa,2021-01-24,8316
Iowa,2021-01-25,8177
Iowa,2021-01-26,7575
Iowa,2021-01-27,7764
Iowa,2021-01-28,7679
Iowa,2021-01-29,7677
Iowa,2021-01-30,8252
Iowa,2021-01-31,8717
Iowa,2021-02-01,8752
Iowa,2021-02-02,8791
Iowa,2021-02-03,8940
Iowa,2021-02-04,9536
Iowa,2021-02-05,9861
Iowa,2021-02-06,10093
Iowa,2021-02-07,10887
Iowa,2021-02-08,12555
Iowa,2021-02-09,13183
Iowa,2021-02-10,14569
Iowa,2021-02-11,15445
Iowa,2021-02-12,16457
Iowa,2021-02-13,17707
Iowa,2021-02-14,18300
Iowa,2021-02-15,17966
Iowa,2021-02-16,19130
Iowa,2021-02-17,18104
Iowa,2021-02-18,17183
Iowa,2021-02-19,20590
Iowa,2021-02-20,20700
Iowa,2021-02-21,20425
Iowa,2021-02-22,20011
Iowa,2021-02-23,18460
Iowa,2021-02-24,18033
Iowa,2021-02-25,17644
Iowa,2021-02-26,14481
Iowa,2021-02-27,15317
Iowa,2021-02-28,16224
Iowa,2021-03-01,17665
Iowa,2021-03-02,17969
Iowa,2021-03-03,18878
Iowa,2021-03-04,20308
Iowa,2021-03-05,21006
Iowa,2021-03-06,25236
Iowa,2021-03-07,27631
Iowa,2021-03-08,29315
Iowa,2021-03-09,30238
Iowa,2021-03-10,30860
Iowa,2021-03-11,32297
Iowa,2021-03-12,33312
Iowa,2021-03-13,36182
Iowa,2021-03-14,29727
Iowa,2021-03-15,29290
Iowa,2021-03-16,28947
Iowa,2021-03-17,26501
Iowa,2021-03-18,26167
Iowa,2021-03-19,27381
Iowa,2021-03-20,21607
Iowa,2021-03-21,26834
Iowa,2021-03-22,25687
Iowa,2021-03-23,25535
Iowa,2021-03-24,27253
Iowa,2021-03-25,26677
Iowa,2021-03-26,25226
Iowa,2021-03-27,25635
Iowa,2021-03-28,26632
Iowa,2021-03-29,27085
Iowa,2021-03-30,27335
Iowa,2021-03-31,27644
Iowa,2021-04-01,28372
Iowa,2021-04-02,28965
Iowa,2021-04-03,34638
Iowa,2021-04-04,28462
Iowa,2021-04-05,27477
Iowa,2021-04-06,27305
Iowa,2021-04-07,27502
Iowa,2021-04-08,28207
Iowa,2021-04-09,28819
Iowa,2021-04-10,23760
Iowa,2021-04-11,31043
Iowa,2021-04-12,31454
Iowa,2021-04-13,31747
Iowa,2021-04-14,34006
Iowa,2021-04-15,33770
Iowa,2021-04-16,32510
Iowa,2021-04-17,30873
Iowa,2021-04-18,28233
Iowa,2021-04-19,28420
Iowa,2021-04-20,27653
Iowa,2021-04-21,25664
Iowa,2021-04-22,25022
Iowa,2021-04-23,24822
Kansas,2021-01-13,7382
Kansas,2021-01-14,6648
Kansas,2021-01-15,6504
Kansas,2021-01-16,6169
Kansas,2021-01-17,5968
Kansas,2021-01-18,5834
Kansas,2021-01-19,5738
Kansas,2021-01-20,5294
Kansas,2021-01-21,5553
Kansas,2021-01-22,5616
Kansas,2021-01-23,5995
Kansas,2021-01-24,6163
Kansas,2021-01-25,5921
Kansas,2021-01-26,5758
Kansas,2021-01-27,6527
Kansas,2021-01-28,8552
Kansas,2021-01-29,7635
Kansas,2021-01-30,8802
Kansas,2021-01-31,10031
Kansas,2021-02-01,10311
Kansas,2021-02-02,10351
Kansas,2021-02-03,10395
Kansas,2021-02-04,8732
Kansas,2021-02-05,10441
Kansas,2021-02-06,10533
Kansas,2021-02-07,10688
Kansas,2021-02-08,10886
Kansas,2021-02-09,10625
Kansas,2021-02-10,11215
Kansas,2021-02-11,11643
Kansas,2021-02-12,12445
Kansas,2021-02-13,12520
Kansas,2021-02-14,13386
Kansas,2021-02-15,12932
Kansas,2021-02-16,13096
Kansas,2021-02-17,12215
Kansas,2021-02-18,12129
Kansas,2021-02-19,16568
Kansas,2021-02-20,17264
Kansas,2021-02-21,17050
Kansas,2021-02-22,17302
Kansas,2021-02-23,17162
Kansas,2021-02-24,17963
Kansas,2021-02-25,17801
Kansas,2021-02-26,13437
Kansas,2021-02-27,13537
Kansas,2021-02-28,14348
Kansas,2021-03-01,15173
Kansas,2021-03-02,16024
Kansas,2021-03-03,16288
Kansas,2021-03-04,16959
Kansas,2021-03-05,17467
Kansas,2021-03-06,17771
Kansas,2021-03-07,17796
Kansas,2021-03-08,17429
Kansas,2021-03-09,17443
Kansas,2021-03-10,17816
Kansas,2021-03-11,19300
Kansas,2021-03-12,23459
Kansas,2021-03-13,20392
Kansas,2021-03-14,23738
Kansas,2021-03-15,23805
Kansas,2021-03-16,23636
Kansas,2021-03-17,23092
Kansas,2021-03-18,23308
Kansas,2021-03-19,21512
Kansas,2021-03-20,26468
Kansas,2021-03-21,24624
Kansas,2021-03-22,24528
Kansas,2021-03-23,24554
Kansas,2021-03-24,26368
Kansas,2021-03-25,25870
Kansas,2021-03-26,24690
Kansas,2021-03-27,25937
Kansas,2021-03-28,25292
Kansas,2021-03-29,25811
Kansas,2021-03-30,25758
Kansas,2021-03-31,25019
Kansas,2021-04-01,24409
Kansas,2021-04-02,28099
Kansas,2021-04-03,27243
Kansas,2021-04-04,28095
Kansas,2021-04-05,27723
Kansas,2021-04-06,27327
Kansas,2021-04-07,29292
Kansas,2021-04-08,30349
Kansas,2021-04-09,27306
Kansas,2021-04-10,27466
Kansas,2021-04-11,27546
Kansas,2021-04-12,28005
Kansas,2021-04-13,28887
Kansas,2021-04-14,27509
Kansas,2021-04-15,28086
Kansas,2021-04-16,28511
Kansas,2021-04-17,27088
Kansas,2021-04-18,25211
Kansas,2021-04-19,25039
Kansas,2021-04-20,24164
Kansas,2021-04-21,23076
Kansas,2021-04-22,22796
Kansas,2021-04-23,21476
Kentucky,2021-01-13,10322
Kentucky,2021-01-14,11750
Kentucky,2021-01-15,14211
Kentucky,2021-01-16,13239
Kentucky,2021-01-17,12656
Kentucky,2021-01-18,12267
Kentucky,2021-01-19,11989
Kentucky,2021-01-20,11644
Kentucky,2021-01-21,11361
Kentucky,2021-01-22,11342
Kentucky,2021-01-23,12270
Kentucky,2021-01-24,14871
Kentucky,2021-01-25,14535
Kentucky,2021-01-26,13736
Kentucky,2021-01-27,14189
Kentucky,2021-01-28,15294
Kentucky,2021-01-29,16071
Kentucky,2021-01-30,16434
Kentucky,2021-01-31,15030
Kentucky,2021-02-01,15440
Kentucky,2021-02-02,15339
Kentucky,2021-02-03,16019
Kentucky,2021-02-04,16226
Kentucky,2021-02-05,16733
Kentucky,2021-02-06,18738
Kentucky,2021-02-07,20520
Kentucky,2021-02-08,21305
Kentucky,2021-02-09,21299
Kentucky,2021-02-10,21364
Kentucky,2021-02-11,21774
Kentucky,2021-02-12,21820
Kentucky,2021-02-13,18949
Kentucky,2021-02-14,18632
Kentucky,2021-02-15,18642
Kentucky,2021-02-16,20419
Kentucky,2021-02-17,19273
Kentucky,2021-02-18,16853
Kentucky,2021-02-19,20370
Kentucky,2021-02-20,21020
Kentucky,2021-02-21,20748
Kentucky,2021-02-22,20619
Kentucky,2021-02-23,19979
Kentucky,2021-02-24,22140
Kentucky,2021-02-25,25953
Kentucky,2021-02-26,23723
Kentucky,2021-02-27,26254
Kentucky,2021-02-28,28005
Kentucky,2021-03-01,29618
Kentucky,2021-03-02,29971
Kentucky,2021-03-03,29627
Kentucky,2021-03-04,29933
Kentucky,2021-03-05,31075
Kentucky,2021-03-06,32688
Kentucky,2021-03-07,33445
Kentucky,2021-03-08,33861
Kentucky,2021-03-09,33230
Kentucky,2021-03-10,33797
Kentucky,2021-03-11,34243
Kentucky,2021-03-12,34069
Kentucky,2021-03-13,40384
Kentucky,2021-03-14,34676
Kentucky,2021-03-15,35519
Kentucky,2021-03-16,36245
Kentucky,2021-03-17,37642
Kentucky,2021-03-18,37493
Kentucky,2021-03-19,38136
Kentucky,2021-03-20,31546
Kentucky,2021-03-21,37979
Kentucky,2021-03-22,37873
Kentucky,2021-03-23,38032
Kentucky,2021-03-24,36612
Kentucky,2021-03-25,36728
Kentucky,2021-03-26,36640
Kentucky,2021-03-27,37605
Kentucky,2021-03-28,36641
Kentucky,2021-03-29,37307
Kentucky,2021-03-30,37309
Kentucky,2021-03-31,37400
Kentucky,2021-04-01,38048
Kentucky,2021-04-02,38254
Kentucky,2021-04-03,39514
Kentucky,2021-04-04,40217
Kentucky,2021-04-05,38386
Kentucky,2021-04-06,36976
Kentucky,2021-04-07,38310
Kentucky,2021-04-08,38859
Kentucky,2021-04-09,39823
Kentucky,2021-04-10,38903
Kentucky,2021-04-11,38746
Kentucky,2021-04-12,37128
Kentucky,2021-04-13,37185
Kentucky,2021-04-14,40722
Kentucky,2021-04-15,41335
Kentucky,2021-04-16,40634
Kentucky,2021-04-17,39550
Kentucky,2021-04-18,39617
Kentucky,2021-04-19,40184
Kentucky,2021-04-20,40489
Kentucky,2021-04-21,35246
Kentucky,2021-04-22,32939
Kentucky,2021-04-23,31653
Louisiana,2021-01-13,13415
Louisiana,2021-01-14,16520
Louisiana,2021-01-15,18399
Louisiana,2021-01-16,17400
Louisiana,2021-01-17,16802
Louisiana,2021-01-18,16402
Louisiana,2021-01-19,16117
Louisiana,2021-01-20,15459
Louisiana,2021-01-21,14798
Louisiana,2021-01-22,14241
Louisiana,2021-01-23,14664
Louisiana,2021-01-24,15330
Louisiana,2021-01-25,14323
Louisiana,2021-01-26,12869
Louisiana,2021-01-27,13478
Louisiana,2021-01-28,13785
Louisiana,2021-01-29,14380
Louisiana,2021-01-30,15126
Louisiana,2021-01-31,15661
Louisiana,2021-02-01,17390
Louisiana,2021-02-02,18620
Louisiana,2021-02-03,18602
Louisiana,2021-02-04,19155
Louisiana,2021-02-05,19727
Louisiana,2021-02-06,21403
Louisiana,2021-02-07,22318
Louisiana,2021-02-08,21552
Louisiana,2021-02-09,20531
Louisiana,2021-02-10,21437
Louisiana,2021-02-11,18434
Louisiana,2021-02-12,23529
Louisiana,2021-02-13,23556
Louisiana,2021-02-14,24173
Louisiana,2021-02-15,23289
Louisiana,2021-02-16,23607
Louisiana,2021-02-17,21794
Louisiana,2021-02-18,22356
Louisiana,2021-02-19,22636
Louisiana,2021-02-20,20294
Louisiana,2021-02-21,17909
Louisiana,2021-02-22,18023
Louisiana,2021-02-23,17480
Louisiana,2021-02-24,18460
Louisiana,2021-02-25,21130
Louisiana,2021-02-26,16953
Louisiana,2021-02-27,20243
Louisiana,2021-02-28,23208
Louisiana,2021-03-01,24764
Louisiana,2021-03-02,25309
Louisiana,2021-03-03,26690
Louisiana,2021-03-04,27950
Louisiana,2021-03-05,28701
Louisiana,2021-03-06,22933
Louisiana,2021-03-07,17710
Louisiana,2021-03-08,28759
Louisiana,2021-03-09,28836
Louisiana,2021-03-10,28808
Louisiana,2021-03-11,28794
Louisiana,2021-03-12,28694
Louisiana,2021-03-13,40621
Louisiana,2021-03-14,40490
Louisiana,2021-03-15,29510
Louisiana,2021-03-16,29733
Louisiana,2021-03-17,29967
Louisiana,2021-03-18,25576
Louisiana,2021-03-19,29624
Louisiana,2021-03-20,23597
Louisiana,2021-03-21,28581
Louisiana,2021-03-22,29168
Louisiana,2021-03-23,28757
Louisiana,2021-03-24,29433
Louisiana,2021-03-25,33834
Louisiana,2021-03-26,29376
Louisiana,2021-03-27,29803
Louisiana,2021-03-28,31107
Louisiana,2021-03-29,31786
Louisiana,2021-03-30,32066
Louisiana,2021-03-31,34078
Louisiana,2021-04-01,35244
Louisiana,2021-04-02,36388
Louisiana,2021-04-03,36549
Louisiana,2021-04-04,33542
Louisiana,2021-04-05,31479
Louisiana,2021-04-06,30590
Louisiana,2021-04-07,28199
Louisiana,2021-04-08,28021
Louisiana,2021-04-09,27386
Louisiana,2021-04-10,26510
Louisiana,2021-04-11,28595
Louisiana,2021-04-12,29019
Louisiana,2021-04-13,30162
Louisiana,2021-04-14,27787
Louisiana,2021-04-15,27849
Louisiana,2021-04-16,26932
Louisiana,2021-04-17,25857
Louisiana,2021-04-18,24644
Louisiana,2021-04-19,24627
Louisiana,2021-04-20,24506
Louisiana,2021-04-21,26397
Louisiana,2021-04-22,24751
Louisiana,2021-04-23,24264
Maine,2021-01-13,2303
Maine,2021-01-14,3092
Maine,2021-01-15,2061
Maine,2021-01-16,2349
Maine,2021-01-17,2522
Maine,2021-01-18,2637
Maine,2021-01-19,2719
Maine,2021-01-20,2703
Maine,2021-01-21,2768
Maine,2021-01-22,3609
Maine,2021-01-23,4095
Maine,2021-01-24,4609
Maine,2021-01-25,4758
Maine,2021-01-26,4421
Maine,2021-01-27,4717
Maine,2021-01-28,4956
Maine,2021-01-29,5259
Maine,2021-01-30,5581
Maine,2021-01-31,5791
Maine,2021-02-01,5960
Maine,2021-02-02,5837
Maine,2021-02-03,5229
Maine,2021-02-04,5464
Maine,2021-02-05,5147
Maine,2021-02-06,5223
Maine,2021-02-07,5442
Maine,2021-02-08,4666
Maine,2021-02-09,5961
Maine,2021-02-10,6780
Maine,2021-02-11,5687
Maine,2021-02-12,4859
Maine,2021-02-13,3517
Maine,2021-02-14,2114
Maine,2021-02-15,5320
Maine,2021-02-16,7232
Maine,2021-02-17,7028
Maine,2021-02-18,7028
Maine,2021-02-19,10702
Maine,2021-02-20,10725
Maine,2021-02-21,10778
Maine,2021-02-22,11632
Maine,2021-02-23,8756
Maine,2021-02-24,8988
Maine,2021-02-25,8993
Maine,2021-02-26,5331
Maine,2021-02-27,9148
Maine,2021-02-28,9187
Maine,2021-03-01,5270
Maine,2021-03-02,4985
Maine,2021-03-03,4155
Maine,2021-03-04,4162
Maine,2021-03-05,10949
Maine,2021-03-06,9450
Maine,2021-03-07,9505
Maine,2021-03-08,13348
Maine,2021-03-09,13985
Maine,2021-03-10,15285
Maine,2021-03-11,15438
Maine,2021-03-12,13488
Maine,2021-03-13,11286
Maine,2021-03-14,15838
Maine,2021-03-15,13689
Maine,2021-03-16,13699
Maine,2021-03-17,12417
Maine,2021-03-18,12341
Maine,2021-03-19,11563
Maine,2021-03-20,11472
Maine,2021-03-21,6851
Maine,2021-03-22,10368
Maine,2021-03-23,10226
Maine,2021-03-24,10211
Maine,2021-03-25,13083
Maine,2021-03-26,11758
Maine,2021-03-27,14113
Maine,2021-03-28,16442
Maine,2021-03-29,12583
Maine,2021-03-30,12614
Maine,2021-03-31,13975
Maine,2021-04-01,13497
Maine,2021-04-02,13729
Maine,2021-04-03,14308
Maine,2021-04-04,14964
Maine,2021-04-05,15975
Maine,2021-04-06,15745
Maine,2021-04-07,15971
Maine,2021-04-08,16297
Maine,2021-04-09,17187
Maine,2021-04-10,18041
Maine,2021-04-11,15183
Maine,2021-04-12,12968
Maine,2021-04-13,26116
Maine,2021-04-14,19712
Maine,2021-04-15,19688
Maine,2021-04-16,18739
Maine,2021-04-17,17643
Maine,2021-04-18,17612
Maine,2021-04-19,21349
Maine,2021-04-20,8663
Maine,2021-04-21,14431
Maine,2021-04-22,14476
Maine,2021-04-23,14384
Maryland,2021-01-13,31825
Maryland,2021-01-14,15912
Maryland,2021-01-15,16158
Maryland,2021-01-16,15424
Maryland,2021-01-17,14984
Maryland,2021-01-18,14690
Maryland,2021-01-19,14481
Maryland,2021-01-20,11441
Maryland,2021-01-21,13407
Maryland,2021-01-22,13258
Maryland,2021-01-23,14212
Maryland,2021-01-24,16770
Maryland,2021-01-25,16637
Maryland,2021-01-26,16846
Maryland,2021-01-27,18730
Maryland,2021-01-28,20043
Maryland,2021-01-29,22150
Maryland,2021-01-30,24053
Maryland,2021-01-31,23844
Maryland,2021-02-01,25352
Maryland,2021-02-02,24503
Maryland,2021-02-03,22451
Maryland,2021-02-04,21945
Maryland,2021-02-05,21726
Maryland,2021-02-06,21580
Maryland,2021-02-07,22796
Maryland,2021-02-08,22143
Maryland,2021-02-09,22275
Maryland,2021-02-10,24964
Maryland,2021-02-11,25665
Maryland,2021-02-12,26306
Maryland,2021-02-13,26485
Maryland,2021-02-14,26567
Maryland,2021-02-15,26595
Maryland,2021-02-16,27854
Maryland,2021-02-17,26002
Maryland,2021-02-18,26441
Maryland,2021-02-19,33219
Maryland,2021-02-20,34605
Maryland,2021-02-21,33824
Maryland,2021-02-22,34580
Maryland,2021-02-23,34934
Maryland,2021-02-24,36687
Maryland,2021-02-25,38368
Maryland,2021-02-26,32617
Maryland,2021-02-27,32315
Maryland,2021-02-28,34031
Maryland,2021-03-01,36088
Maryland,2021-03-02,36841
Maryland,2021-03-03,42073
Maryland,2021-03-04,42628
Maryland,2021-03-05,44105
Maryland,2021-03-06,46529
Maryland,2021-03-07,45662
Maryland,2021-03-08,43948
Maryland,2021-03-09,46381
Maryland,2021-03-10,43798
Maryland,2021-03-11,44967
Maryland,2021-03-12,44438
Maryland,2021-03-13,45112
Maryland,2021-03-14,45196
Maryland,2021-03-15,45630
Maryland,2021-03-16,45485
Maryland,2021-03-17,45985
Maryland,2021-03-18,45523
Maryland,2021-03-19,47354
Maryland,2021-03-20,38914
Maryland,2021-03-21,46570
Maryland,2021-03-22,46984
Maryland,2021-03-23,46254
Maryland,2021-03-24,46676
Maryland,2021-03-25,47694
Maryland,2021-03-26,48810
Massachusetts,2021-01-13,13361
Massachusetts,2021-01-14,14697
Massachusetts,2021-01-15,17698
Massachusetts,2021-01-16,17130
Massachusetts,2021-01-17,16789
Massachusetts,2021-01-18,16562
Massachusetts,2021-01-19,16399
Massachusetts,2021-01-20,16150
Massachusetts,2021-01-21,17092
Massachusetts,2021-01-22,16207
Massachusetts,2021-01-23,17195
Massachusetts,2021-01-24,18826
Massachusetts,2021-01-25,18595
Massachusetts,2021-01-26,17689
Massachusetts,2021-01-27,19112
Massachusetts,2021-01-28,19602
Massachusetts,2021-01-29,21411
Massachusetts,2021-01-30,22016
Massachusetts,2021-01-31,22768
Massachusetts,2021-02-01,25047
Massachusetts,2021-02-02,26111
Massachusetts,2021-02-03,23029
Massachusetts,2021-02-04,23228
Massachusetts,2021-02-05,23510
Massachusetts,2021-02-06,25720
Massachusetts,2021-02-07,28727
Massachusetts,2021-02-08,28204
Massachusetts,2021-02-09,29538
Massachusetts,2021-02-10,36924
Massachusetts,2021-02-11,38812
Massachusetts,2021-02-12,39662
Massachusetts,2021-02-13,40349
Massachusetts,2021-02-14,43617
Massachusetts,2021-02-15,44264
Massachusetts,2021-02-16,44945
Massachusetts,2021-02-17,40922
Massachusetts,2021-02-18,41458
Massachusetts,2021-02-21,48704
Massachusetts,2021-02-26,44151
Massachusetts,2021-02-27,44129
Massachusetts,2021-02-28,44201
Massachusetts,2021-03-01,47791
Massachusetts,2021-03-02,48248
Michigan,2021-01-15,45499
Michigan,2021-01-16,41587
Michigan,2021-01-17,39240
Michigan,2021-01-18,37676
Michigan,2021-01-19,36558
Michigan,2021-01-20,31013
Michigan,2021-01-21,31658
Michigan,2021-01-22,33039
Michigan,2021-01-23,36947
Michigan,2021-01-24,38769
Michigan,2021-01-25,39100
Michigan,2021-01-26,36954
Michigan,2021-01-27,37632
Michigan,2021-01-28,37939
Michigan,2021-01-29,38744
Michigan,2021-01-30,38537
Michigan,2021-01-31,40251
Michigan,2021-02-01,39730
Michigan,2021-02-02,39030
Michigan,2021-02-03,38605
Michigan,2021-02-04,37770
Michigan,2021-02-05,38216
Michigan,2021-02-06,38680
Michigan,2021-02-07,39273
Michigan,2021-02-08,39547
Michigan,2021-02-09,42057
Michigan,2021-02-10,45237
Michigan,2021-02-11,47606
Michigan,2021-02-12,47350
Michigan,2021-02-17,45997
Michigan,2021-02-18,43820
Michigan,2021-02-21,46954
Michigan,2021-02-22,48744
Michigan,2021-02-23,46929
Michigan,2021-02-26,47438
Minnesota,2021-01-13,3115
Minnesota,2021-01-14,8722
Minnesota,2021-01-15,12004
Minnesota,2021-01-16,12333
Minnesota,2021-01-17,12531
Minnesota,2021-01-18,12662
Minnesota,2021-01-19,12756
Minnesota,2021-01-20,12456
Minnesota,2021-01-21,11390
Minnesota,2021-01-22,11426
Minnesota,2021-01-23,13389
Minnesota,2021-01-24,13755
Minnesota,2021-01-25,15521
Minnesota,2021-01-26,15558
Minnesota,2021-01-27,17550
Minnesota,2021-01-28,20603
Minnesota,2021-01-29,23159
Minnesota,2021-01-30,25793
Minnesota,2021-01-31,28223
Minnesota,2021-02-01,28495
Minnesota,2021-02-02,27466
Minnesota,2021-02-03,25329
Minnesota,2021-02-04,32973
Minnesota,2021-02-05,27729
Minnesota,2021-02-06,31074
Minnesota,2021-02-07,30049
Minnesota,2021-02-08,28423
Minnesota,2021-02-09,27513
Minnesota,2021-02-10,27513
Minnesota,2021-02-11,17116
Minnesota,2021-02-12,21793
Minnesota,2021-02-13,18302
Minnesota,2021-02-14,20236
Minnesota,2021-02-15,20646
Minnesota,2021-02-16,23369
Minnesota,2021-02-17,25699
Minnesota,2021-02-18,29002
Minnesota,2021-02-19,37825
Minnesota,2021-02-20,37976
Minnesota,2021-02-21,38014
Minnesota,2021-02-22,35500
Minnesota,2021-02-23,37341
Minnesota,2021-02-24,37703
Minnesota,2021-02-25,37361
Minnesota,2021-02-26,29997
Minnesota,2021-02-27,32139
Minnesota,2021-02-28,36735
Minnesota,2021-03-01,41617
Minnesota,2021-03-02,39088
Minnesota,2021-03-03,41205
Minnesota,2021-03-04,42011
Minnesota,2021-03-05,42969
Minnesota,2021-03-06,43673
Minnesota,2021-03-07,41066
Minnesota,2021-03-08,42289
Minnesota,2021-03-09,43302
Minnesota,2021-03-10,42062
Minnesota,2021-03-11,44388
Minnesota,2021-03-12,44590
Minnesota,2021-03-14,45642
Minnesota,2021-03-15,44532
Minnesota,2021-03-16,42737
Minnesota,2021-03-17,44097
Minnesota,2021-03-18,42264
Minnesota,2021-03-19,43687
Minnesota,2021-03-20,34762
Minnesota,2021-03-21,43641
Minnesota,2021-03-22,43360
Minnesota,2021-03-23,43932
Minnesota,2021-03-24,42856
Minnesota,2021-03-25,42595
Minnesota,2021-03-26,42645
Minnesota,2021-03-27,44832
Minnesota,2021-03-28,46535
Minnesota,2021-03-29,46411
Minnesota,2021-04-19,41673
Minnesota,2021-04-20,46945
Minnesota,2021-04-22,48876
Mississippi,2021-01-13,6745
Mississippi,2021-01-14,8652
Mississippi,2021-01-15,9928
Mississippi,2021-01-16,9274
Mississippi,2021-01-17,8881
Mississippi,2021-01-18,8620
Mississippi,2021-01-19,8433
Mississippi,2021-01-20,8757
Mississippi,2021-01-21,9263
Mississippi,2021-01-22,9457
Mississippi,2021-01-23,8412
Mississippi,2021-01-24,11241
Mississippi,2021-01-25,10671
Mississippi,2021-01-26,9777
Mississippi,2021-01-27,9665
Mississippi,2021-01-28,9222
Mississippi,2021-01-29,8889
Mississippi,2021-01-30,10280
Mississippi,2021-01-31,8395
Mississippi,2021-02-01,8271
Mississippi,2021-02-02,8302
Mississippi,2021-02-03,8667
Mississippi,2021-02-04,7094
Mississippi,2021-02-05,9019
Mississippi,2021-02-06,11140
Mississippi,2021-02-07,12090
Mississippi,2021-02-08,12653
Mississippi,2021-02-09,12708
Mississippi,2021-02-10,13515
Mississippi,2021-02-11,16356
Mississippi,2021-02-12,15778
Mississippi,2021-02-13,15323
Mississippi,2021-02-14,15167
Mississippi,2021-02-15,15050
Mississippi,2021-02-16,15612
Mississippi,2021-02-17,13265
Mississippi,2021-02-18,10423
Mississippi,2021-02-19,12567
Mississippi,2021-02-20,10529
Mississippi,2021-02-21,9131
Mississippi,2021-02-22,9468
Mississippi,2021-02-23,9613
Mississippi,2021-02-24,12443
Mississippi,2021-02-25,12517
Mississippi,2021-02-26,13282
Mississippi,2021-02-27,16004
Mississippi,2021-02-28,18305
Mississippi,2021-03-01,19723
Mississippi,2021-03-02,20112
Mississippi,2021-03-03,20044
Mississippi,2021-03-04,22804
Mississippi,2021-03-05,20469
Mississippi,2021-03-06,20482
Mississippi,2021-03-07,20778
Mississippi,2021-03-08,19879
Mississippi,2021-03-09,19173
Mississippi,2021-03-10,19362
Mississippi,2021-03-11,19713
Mississippi,2021-03-12,16281
Mississippi,2021-03-13,22880
Mississippi,2021-03-14,18898
Mississippi,2021-03-15,18256
Mississippi,2021-03-16,17927
Mississippi,2021-03-17,17158
Mississippi,2021-03-18,16757
Mississippi,2021-03-19,17736
Mississippi,2021-03-20,10734
Mississippi,2021-03-21,14216
Mississippi,2021-03-22,14032
Mississippi,2021-03-23,14060
Mississippi,2021-03-24,14827
Mississippi,2021-03-25,15518
Mississippi,2021-03-26,14491
Mississippi,2021-03-27,17208
Mississippi,2021-03-28,13933
Mississippi,2021-03-29,18848
Mississippi,2021-03-30,18950
Mississippi,2021-03-31,19043
Mississippi,2021-04-01,15803
Mississippi,2021-04-02,19897
Mississippi,2021-04-03,17668
Mississippi,2021-04-04,20992
Mississippi,2021-04-05,15258
Mississippi,2021-04-06,15905
Mississippi,2021-04-07,15517
Mississippi,2021-04-08,18507
Mississippi,2021-04-09,17589
Mississippi,2021-04-10,17343
Mississippi,2021-04-11,17485
Mississippi,2021-04-12,17504
Mississippi,2021-04-13,17776
Mississippi,2021-04-14,17941
Mississippi,2021-04-15,17296
Mississippi,2021-04-16,16736
Mississippi,2021-04-17,13221
Mississippi,2021-04-18,14800
Mississippi,2021-04-19,14825
Mississippi,2021-04-20,14352
Mississippi,2021-04-21,13461
Mississippi,2021-04-22,13229
Mississippi,2021-04-23,12744
Missouri,2021-01-13,0
Missouri,2021-01-14,6765
Missouri,2021-01-15,9554
Missouri,2021-01-16,10029
Missouri,2021-01-17,10313
Missouri,2021-01-18,10503
Missouri,2021-01-19,10639
Missouri,2021-01-20,11813
Missouri,2021-01-21,12867
Missouri,2021-01-22,13607
Missouri,2021-01-23,12832
Missouri,2021-01-24,14912
Missouri,2021-01-25,15842
Missouri,2021-01-26,14860
Missouri,2021-01-27,16239
Missouri,2021-01-28,16739
Missouri,2021-01-29,17535
Missouri,2021-01-30,16674
Missouri,2021-01-31,18092
Missouri,2021-02-01,18072
Missouri,2021-02-02,18019
Missouri,2021-02-03,17709
Missouri,2021-02-04,17522
Missouri,2021-02-05,18250
Missouri,2021-02-06,25073
Missouri,2021-02-07,25824
Missouri,2021-02-08,25891
Missouri,2021-02-09,25780
Missouri,2021-02-10,26792
Missouri,2021-02-11,27112
Missouri,2021-02-12,25899
Missouri,2021-02-13,31850
Missouri,2021-02-14,31839
Missouri,2021-02-15,31435
Missouri,2021-02-16,33154
Missouri,2021-02-17,31764
Missouri,2021-02-18,31498
Missouri,2021-02-19,42395
Missouri,2021-02-20,33710
Missouri,2021-02-21,33671
Missouri,2021-02-22,34346
Missouri,2021-02-23,33139
Missouri,2021-02-24,35032
Missouri,2021-02-25,36045
Missouri,2021-02-26,28457
Missouri,2021-02-27,33602
Missouri,2021-02-28,27955
Missouri,2021-03-01,38731
Missouri,2021-03-02,39022
Missouri,2021-03-03,39796
Missouri,2021-03-04,41522
Missouri,2021-03-05,41541
Missouri,2021-03-06,39153
Missouri,2021-03-07,45816
Missouri,2021-03-08,36977
Missouri,2021-03-09,37576
Missouri,2021-03-10,38508
Missouri,2021-03-11,38020
Missouri,2021-03-12,36508
Missouri,2021-03-13,45011
Missouri,2021-03-14,38159
Missouri,2021-03-15,37603
Missouri,2021-03-16,37252
Missouri,2021-03-17,36343
Missouri,2021-03-18,37813
Missouri,2021-03-19,39155
Missouri,2021-03-20,31512
Missouri,2021-03-21,39499
Missouri,2021-03-22,39638
Missouri,2021-03-23,40707
Missouri,2021-03-24,41418
Missouri,2021-03-25,41006
Missouri,2021-03-26,40510
Missouri,2021-03-27,40532
Missouri,2021-03-28,40997
Missouri,2021-03-29,41481
Missouri,2021-03-30,41237
Missouri,2021-03-31,42163
Missouri,2021-04-01,42952
Missouri,2021-04-10,48229
Missouri,2021-04-11,48522
Missouri,2021-04-15,48540
Missouri,2021-04-19,48563
Missouri,2021-04-20,43253
Missouri,2021-04-21,46508
Missouri,2021-04-22,46992
Missouri,2021-04-23,46239
Montana,2021-01-13,1980
Montana,2021-01-14,2268
Montana,2021-01-15,2427
Montana,2021-01-16,2228
Montana,2021-01-17,2109
Montana,2021-01-18,2030
Montana,2021-01-19,1973
Montana,2021-01-20,1880
Montana,2021-01-21,1967
Montana,2021-01-22,2426
Montana,2021-01-23,3078
Montana,2021-01-24,3423
Montana,2021-01-25,3299
Montana,2021-01-26,3122
Montana,2021-01-27,3421
Montana,2021-01-28,3689
Montana,2021-01-29,3749
Montana,2021-01-30,3818
Montana,2021-01-31,3991
Montana,2021-02-01,4113
Montana,2021-02-02,4225
Montana,2021-02-03,4172
Montana,2021-02-04,4276
Montana,2021-02-05,4278
Montana,2021-02-06,4516
Montana,2021-02-07,4749
Montana,2021-02-08,4733
Montana,2021-02-09,4686
Montana,2021-02-10,4853
Montana,2021-02-11,4742
Montana,2021-02-12,5023
Montana,2021-02-13,5211
Montana,2021-02-14,5578
Montana,2021-02-15,5709
Montana,2021-02-16,5934
Montana,2021-02-17,5748
Montana,2021-02-18,5819
Montana,2021-02-19,9076
Montana,2021-02-20,8790
Montana,2021-02-21,8613
Montana,2021-02-22,8797
Montana,2021-02-23,8764
Montana,2021-02-24,8864
Montana,2021-02-25,8889
Montana,2021-02-26,5681
Montana,2021-02-27,6026
Montana,2021-02-28,6332
Montana,2021-03-01,6266
Montana,2021-03-02,6164
Montana,2021-03-03,6421
Montana,2021-03-04,6959
Montana,2021-03-05,7329
Montana,2021-03-06,7575
Montana,2021-03-07,7940
Montana,2021-03-08,8125
Montana,2021-03-09,8205
Montana,2021-03-10,8294
Montana,2021-03-11,8348
Montana,2021-03-12,8310
Montana,2021-03-13,8448
Montana,2021-03-14,8395
Montana,2021-03-15,8186
Montana,2021-03-16,8303
Montana,2021-03-17,8177
Montana,2021-03-18,7830
Montana,2021-03-19,7498
Montana,2021-03-20,7153
Montana,2021-03-21,6751
Montana,2021-03-22,6974
Montana,2021-03-23,6568
Montana,2021-03-24,6877
Montana,2021-03-25,7086
Montana,2021-03-26,7445
Montana,2021-03-27,7701
Montana,2021-03-28,8000
Montana,2021-03-29,7816
Montana,2021-03-30,8175
Montana,2021-03-31,9699
Montana,2021-04-01,10059
Montana,2021-04-02,10018
Montana,2021-04-03,10014
Montana,2021-04-04,10105
Montana,2021-04-05,10156
Montana,2021-04-06,10053
Montana,2021-04-07,8784
Montana,2021-04-08,8886
Montana,2021-04-09,9257
Montana,2021-04-10,9320
Montana,2021-04-11,9340
Montana,2021-04-12,9375
Montana,2021-04-13,9518
Montana,2021-04-14,8415
Montana,2021-04-15,8425
Montana,2021-04-16,8049
Montana,2021-04-17,7869
Montana,2021-04-18,6164
Montana,2021-04-19,7419
Montana,2021-04-20,7275
Montana,2021-04-21,7811
Montana,2021-04-22,7177
Montana,2021-04-23,6852
Nebraska,2021-01-13,5260
Nebraska,2021-01-14,5240
Nebraska,2021-01-15,5585
Nebraska,2021-01-16,4970
Nebraska,2021-01-17,4601
Nebraska,2021-01-18,4354
Nebraska,2021-01-19,4179
Nebraska,2021-01-20,3798
Nebraska,2021-01-21,3846
Nebraska,2021-01-22,3894
Nebraska,2021-01-23,4250
Nebraska,2021-01-24,5058
Nebraska,2021-01-25,4781
Nebraska,2021-01-26,4492
Nebraska,2021-01-27,4756
Nebraska,2021-01-28,5454
Nebraska,2021-01-29,5703
Nebraska,2021-01-30,6172
Nebraska,2021-01-31,6409
Nebraska,2021-02-01,6698
Nebraska,2021-02-02,6754
Nebraska,2021-02-03,6959
Nebraska,2021-02-04,6444
Nebraska,2021-02-05,6538
Nebraska,2021-02-06,7304
Nebraska,2021-02-07,7595
Nebraska,2021-02-08,7592
Nebraska,2021-02-09,7555
Nebraska,2021-02-10,7540
Nebraska,2021-02-11,7536
Nebraska,2021-02-12,7967
Nebraska,2021-02-13,7935
Nebraska,2021-02-14,7833
Nebraska,2021-02-15,7729
Nebraska,2021-02-16,7904
Nebraska,2021-02-17,7691
Nebraska,2021-02-18,8168
Nebraska,2021-02-19,12550
Nebraska,2021-02-20,12376
Nebraska,2021-02-21,12421
Nebraska,2021-02-22,13212
Nebraska,2021-02-23,14590
Nebraska,2021-02-24,15856
Nebraska,2021-02-25,16766
Nebraska,2021-02-26,13508
Nebraska,2021-02-27,11913
Nebraska,2021-02-28,14541
Nebraska,2021-03-01,13667
Nebraska,2021-03-02,13162
Nebraska,2021-03-03,13030
Nebraska,2021-03-04,13011
Nebraska,2021-03-05,13272
Nebraska,2021-03-06,13165
Nebraska,2021-03-07,11660
Nebraska,2021-03-08,13871
Nebraska,2021-03-09,15629
Nebraska,2021-03-10,15752
Nebraska,2021-03-11,16610
Nebraska,2021-03-12,16882
Nebraska,2021-03-13,18600
Nebraska,2021-03-14,15765
Nebraska,2021-03-15,15917
Nebraska,2021-03-16,14698
Nebraska,2021-03-17,14961
Nebraska,2021-03-18,14589
Nebraska,2021-03-19,14499
Nebraska,2021-03-20,12782
Nebraska,2021-03-21,15585
Nebraska,2021-03-22,16083
Nebraska,2021-03-23,15352
Nebraska,2021-03-24,15175
Nebraska,2021-03-25,14875
Nebraska,2021-03-26,14638
Nebraska,2021-03-27,14615
Nebraska,2021-03-28,15183
Nebraska,2021-03-29,14663
Nebraska,2021-03-30,16008
Nebraska,2021-03-31,17502
Nebraska,2021-04-01,18646
Nebraska,2021-04-02,19190
Nebraska,2021-04-03,19164
Nebraska,2021-04-04,18286
Nebraska,2021-04-05,17756
Nebraska,2021-04-06,17050
Nebraska,2021-04-07,16376
Nebraska,2021-04-08,15705
Nebraska,2021-04-09,16564
Nebraska,2021-04-10,16555
Nebraska,2021-04-11,17269
Nebraska,2021-04-12,17297
Nebraska,2021-04-13,21399
Nebraska,2021-04-14,21850
Nebraska,2021-04-15,21711
Nebraska,2021-04-16,21205
Nebraska,2021-04-17,21177
Nebraska,2021-04-18,19616
Nebraska,2021-04-19,19255
Nebraska,2021-04-20,15904
Nebraska,2021-04-21,14141
Nebraska,2021-04-22,14602
Nebraska,2021-04-23,11920
Nevada,2021-01-13,0
Nevada,2021-01-14,7596
Nevada,2021-01-15,7340
Nevada,2021-01-16,6703
Nevada,2021-01-17,6321
Nevada,2021-01-18,6066
Nevada,2021-01-19,5884
Nevada,2021-01-20,6497
Nevada,2021-01-21,5592
Nevada,2021-01-22,6112
Nevada,2021-01-23,6938
Nevada,2021-01-24,8421
Nevada,2021-01-25,8832
Nevada,2021-01-26,8789
Nevada,2021-01-27,9605
Nevada,2021-01-28,11279
Nevada,2021-01-29,11961
Nevada,2021-01-30,12452
Nevada,2021-01-31,12696
Nevada,2021-02-01,12698
Nevada,2021-02-02,12687
Nevada,2021-02-03,15015
Nevada,2021-02-04,13808
Nevada,2021-02-05,13448
Nevada,2021-02-06,14009
Nevada,2021-02-07,13285
Nevada,2021-02-08,13990
Nevada,2021-02-09,14051
Nevada,2021-02-10,12409
Nevada,2021-02-11,12497
Nevada,2021-02-12,12836
Nevada,2021-02-13,12686
Nevada,2021-02-14,13479
Nevada,2021-02-15,12990
Nevada,2021-02-16,13610
Nevada,2021-02-17,12383
Nevada,2021-02-18,12558
Nevada,2021-02-19,18309
Nevada,2021-02-20,20669
Nevada,2021-02-21,20198
Nevada,2021-02-22,21272
Nevada,2021-02-23,21660
Nevada,2021-02-24,21973
Nevada,2021-02-25,22173
Nevada,2021-02-26,17176
Nevada,2021-02-27,15691
Nevada,2021-02-28,16555
Nevada,2021-03-01,18372
Nevada,2021-03-02,17823
Nevada,2021-03-03,18162
Nevada,2021-03-04,18282
Nevada,2021-03-05,18675
Nevada,2021-03-06,19208
Nevada,2021-03-07,20510
Nevada,2021-03-08,20110
Nevada,2021-03-09,20255
Nevada,2021-03-10,20670
Nevada,2021-03-11,22049
Nevada,2021-03-12,22496
Nevada,2021-03-13,22668
Nevada,2021-03-14,22869
Nevada,2021-03-15,22559
Nevada,2021-03-16,22167
Nevada,2021-03-17,22243
Nevada,2021-03-18,22540
Nevada,2021-03-19,22258
Nevada,2021-03-20,22502
Nevada,2021-03-21,22287
Nevada,2021-03-22,21591
Nevada,2021-03-23,21471
Nevada,2021-03-24,21650
Nevada,2021-03-25,21747
Nevada,2021-03-26,22487
Nevada,2021-03-27,22591
Nevada,2021-03-28,22522
Nevada,2021-03-29,23297
Nevada,2021-03-30,23510
Nevada,2021-03-31,23233
Nevada,2021-04-01,22811
Nevada,2021-04-02,22167
Nevada,2021-04-03,22494
Nevada,2021-04-04,22730
Nevada,2021-04-05,22059
Nevada,2021-04-06,21739
Nevada,2021-04-07,22374
Nevada,2021-04-08,23236
Nevada,2021-04-09,25293
Nevada,2021-04-10,26248
Nevada,2021-04-11,27264
Nevada,2021-04-12,28800
Nevada,2021-04-13,29280
Nevada,2021-04-14,29211
Nevada,2021-04-15,29721
Nevada,2021-04-16,28270
Nevada,2021-04-17,26822
Nevada,2021-04-18,25933
Nevada,2021-04-19,24618
Nevada,2021-04-20,24463
Nevada,2021-04-21,24262
Nevada,2021-04-22,22379
Nevada,2021-04-23,21167
New Hampshire,2021-01-13,4605
New Hampshire,2021-01-14,4049
New Hampshire,2021-01-15,3968
New Hampshire,2021-01-16,3541
New Hampshire,2021-01-17,3285
New Hampshire,2021-01-18,3114
New Hampshire,2021-01-19,2992
New Hampshire,2021-01-20,2886
New Hampshire,2021-01-21,3133
New Hampshire,2021-01-22,3297
New Hampshire,2021-01-23,3577
New Hampshire,2021-01-24,3757
New Hampshire,2021-01-25,3618
New Hampshire,2021-01-26,3635
New Hampshire,2021-01-27,3952
New Hampshire,2021-01-28,4259
New Hampshire,2021-01-29,4545
New Hampshire,2021-01-30,4846
New Hampshire,2021-01-31,4996
New Hampshire,2021-02-01,5127
New Hampshire,2021-02-02,5542
New Hampshire,2021-02-03,5027
New Hampshire,2021-02-04,4948
New Hampshire,2021-02-05,5105
New Hampshire,2021-02-06,5348
New Hampshire,2021-02-07,5368
New Hampshire,2021-02-08,5155
New Hampshire,2021-02-09,4704
New Hampshire,2021-02-10,5417
New Hampshire,2021-02-11,5574
New Hampshire,2021-02-12,5424
New Hampshire,2021-02-13,5642
New Hampshire,2021-02-14,6093
New Hampshire,2021-02-15,6570
New Hampshire,2021-02-16,6846
New Hampshire,2021-02-17,6018
New Hampshire,2021-02-18,6109
New Hampshire,2021-02-19,7182
New Hampshire,2021-02-20,7089
New Hampshire,2021-02-21,7467
New Hampshire,2021-02-22,7900
New Hampshire,2021-02-23,8231
New Hampshire,2021-02-24,9131
New Hampshire,2021-02-25,9198
New Hampshire,2021-02-26,8355
New Hampshire,2021-02-27,8639
New Hampshire,2021-02-28,8685
New Hampshire,2021-03-01,8130
New Hampshire,2021-03-02,8039
New Hampshire,2021-03-03,8178
New Hampshire,2021-03-04,8368
New Hampshire,2021-03-05,8375
New Hampshire,2021-03-06,8620
New Hampshire,2021-03-07,8643
New Hampshire,2021-03-08,8668
New Hampshire,2021-03-09,9056
New Hampshire,2021-03-10,9412
New Hampshire,2021-03-11,9833
New Hampshire,2021-03-12,10400
New Hampshire,2021-03-13,11285
New Hampshire,2021-03-14,11228
New Hampshire,2021-03-15,11392
New Hampshire,2021-03-16,11078
New Hampshire,2021-03-17,10485
New Hampshire,2021-03-18,10138
New Hampshire,2021-03-19,9945
New Hampshire,2021-03-20,9188
New Hampshire,2021-03-21,9893
New Hampshire,2021-03-22,10336
New Hampshire,2021-03-23,10574
New Hampshire,2021-03-24,10876
New Hampshire,2021-03-25,10935
New Hampshire,2021-03-26,10529
New Hampshire,2021-03-27,10228
New Hampshire,2021-03-28,9785
New Hampshire,2021-03-29,9284
New Hampshire,2021-03-30,8804
New Hampshire,2021-03-31,8585
New Hampshire,2021-04-01,20212
New Hampshire,2021-04-02,20919
New Hampshire,2021-04-03,25560
New Hampshire,2021-04-04,25119
New Hampshire,2021-04-05,27730
New Hampshire,2021-04-06,27685
New Hampshire,2021-04-07,30627
New Hampshire,2021-04-08,21544
New Hampshire,2021-04-09,24005
New Hampshire,2021-04-10,22532
New Hampshire,2021-04-11,26249
New Hampshire,2021-04-12,26006
New Hampshire,2021-04-13,27959
New Hampshire,2021-04-14,25522
New Hampshire,2021-04-15,27383
New Hampshire,2021-04-16,26648
New Hampshire,2021-04-17,23707
New Hampshire,2021-04-18,20183
New Hampshire,2021-04-19,17672
New Hampshire,2021-04-20,15984
New Hampshire,2021-04-21,15137
New Hampshire,2021-04-22,9598
New Hampshire,2021-04-23,6404
New Jersey,2021-01-13,41937
New Jersey,2021-01-14,21188
New Jersey,2021-01-15,32008
New Jersey,2021-01-16,29199
New Jersey,2021-01-17,27513
New Jersey,2021-01-18,26389
New Jersey,2021-01-19,25586
New Jersey,2021-01-20,24177
New Jersey,2021-01-21,24114
New Jersey,2021-01-22,21042
New Jersey,2021-01-23,23293
New Jersey,2021-01-24,25288
New Jersey,2021-01-25,26252
New Jersey,2021-01-26,25084
New Jersey,2021-01-27,25663
New Jersey,2021-01-28,30856
New Jersey,2021-01-29,37580
New Jersey,2021-01-30,38294
New Jersey,2021-01-31,37116
New Jersey,2021-02-01,35307
New Jersey,2021-02-02,37264
New Jersey,2021-02-03,34266
New Jersey,2021-02-04,29072
New Jersey,2021-02-05,22473
New Jersey,2021-02-06,38906
New Jersey,2021-02-07,39909
New Jersey,2021-02-08,40656
New Jersey,2021-02-09,37172
New Jersey,2021-02-10,42430
New Jersey,2021-02-13,38345
New Jersey,2021-02-14,39217
New Jersey,2021-02-15,41921
New Jersey,2021-02-16,47221
New Jersey,2021-02-17,47383
New Jersey,2021-02-20,48414
New Jersey,2021-02-21,48529
New Jersey,2021-02-22,46183
New Jersey,2021-02-23,47389
New Jersey,2021-02-24,46169
New Jersey,2021-02-25,46315
New Jersey,2021-02-26,48381
New Mexico,2021-01-13,3620
New Mexico,2021-01-14,5590
New Mexico,2021-01-15,7023
New Mexico,2021-01-16,7695
New Mexico,2021-01-17,8098
New Mexico,2021-01-18,8367
New Mexico,2021-01-19,8559
New Mexico,2021-01-20,8778
New Mexico,2021-01-21,9007
New Mexico,2021-01-22,8963
New Mexico,2021-01-23,10812
New Mexico,2021-01-24,11630
New Mexico,2021-01-25,10890
New Mexico,2021-01-26,10284
New Mexico,2021-01-27,10539
New Mexico,2021-01-28,10318
New Mexico,2021-01-29,10959
New Mexico,2021-01-30,9089
New Mexico,2021-01-31,9144
New Mexico,2021-02-01,10079
New Mexico,2021-02-02,9640
New Mexico,2021-02-03,9679
New Mexico,2021-02-04,9982
New Mexico,2021-02-05,9741
New Mexico,2021-02-06,10613
New Mexico,2021-02-07,9664
New Mexico,2021-02-08,9652
New Mexico,2021-02-09,9778
New Mexico,2021-02-10,9971
New Mexico,2021-02-11,10757
New Mexico,2021-02-12,11694
New Mexico,2021-02-13,11043
New Mexico,2021-02-14,12584
New Mexico,2021-02-15,12691
New Mexico,2021-02-16,13899
New Mexico,2021-02-17,13250
New Mexico,2021-02-18,12310
New Mexico,2021-02-19,24825
New Mexico,2021-02-20,25572
New Mexico,2021-02-21,25153
New Mexico,2021-02-22,24730
New Mexico,2021-02-23,24162
New Mexico,2021-02-24,24470
New Mexico,2021-02-25,25544
New Mexico,2021-02-26,13505
New Mexico,2021-02-27,14167
New Mexico,2021-02-28,15655
New Mexico,2021-03-01,15269
New Mexico,2021-03-02,15570
New Mexico,2021-03-03,16752
New Mexico,2021-03-04,15580
New Mexico,2021-03-05,15550
New Mexico,2021-03-06,17575
New Mexico,2021-03-07,15499
New Mexico,2021-03-08,17467
New Mexico,2021-03-09,16790
New Mexico,2021-03-10,14958
New Mexico,2021-03-11,17684
New Mexico,2021-03-12,18517
New Mexico,2021-03-13,16020
New Mexico,2021-03-14,18306
New Mexico,2021-03-15,16955
New Mexico,2021-03-16,18783
New Mexico,2021-03-17,20439
New Mexico,2021-03-18,19480
New Mexico,2021-03-19,19374
New Mexico,2021-03-20,20988
New Mexico,2021-03-21,20427
New Mexico,2021-03-22,20804
New Mexico,2021-03-23,18730
New Mexico,2021-03-24,18272
New Mexico,2021-03-25,18733
New Mexico,2021-03-26,18695
New Mexico,2021-03-27,18721
New Mexico,2021-03-28,19953
New Mexico,2021-03-29,20160
New Mexico,2021-03-30,20098
New Mexico,2021-03-31,20913
New Mexico,2021-04-01,20838
New Mexico,2021-04-02,21478
New Mexico,2021-04-03,21555
New Mexico,2021-04-04,20087
New Mexico,2021-04-05,19244
New Mexico,2021-04-06,19252
New Mexico,2021-04-07,18027
New Mexico,2021-04-08,19457
New Mexico,2021-04-09,19420
New Mexico,2021-04-10,19400
New Mexico,2021-04-11,19636
New Mexico,2021-04-12,20028
New Mexico,2021-04-13,20018
New Mexico,2021-04-14,20885
New Mexico,2021-04-15,19137
New Mexico,2021-04-16,18530
New Mexico,2021-04-17,18345
New Mexico,2021-04-18,17765
New Mexico,2021-04-19,17992
New Mexico,2021-04-20,18091
New Mexico,2021-04-21,17950
New Mexico,2021-04-22,17657
New Mexico,2021-04-23,17411
North Carolina,2021-01-14,28301
North Carolina,2021-01-15,30405
North Carolina,2021-01-16,28926
North Carolina,2021-01-17,28038
North Carolina,2021-01-18,27447
North Carolina,2021-01-19,27024
North Carolina,2021-01-20,22935
North Carolina,2021-01-21,29296
North Carolina,2021-01-22,31727
North Carolina,2021-01-23,35671
North Carolina,2021-01-24,40662
North Carolina,2021-01-25,42821
North Carolina,2021-01-26,42706
North Carolina,2021-01-27,41324
North Carolina,2021-01-29,46616
North Carolina,2021-01-30,45961
North Carolina,2021-01-31,45031
North Carolina,2021-02-01,42815
North Carolina,2021-02-02,39490
North Carolina,2021-02-03,44276
North Carolina,2021-02-04,30525
North Carolina,2021-02-05,36979
North Carolina,2021-02-06,38929
North Carolina,2021-02-07,41555
North Carolina,2021-02-08,42660
North Carolina,2021-02-09,44477
North Carolina,2021-02-10,44199
North Carolina,2021-02-11,45597
North Carolina,2021-02-12,48191
North Carolina,2021-02-26,46498
North Dakota,2021-01-13,1249
North Dakota,2021-01-14,1648
North Dakota,2021-01-15,2310
North Dakota,2021-01-16,2370
North Dakota,2021-01-17,2406
North Dakota,2021-01-18,2430
North Dakota,2021-01-19,2447
North Dakota,2021-01-20,2418
North Dakota,2021-01-21,2353
North Dakota,2021-01-22,2528
North Dakota,2021-01-23,2863
North Dakota,2021-01-24,3095
North Dakota,2021-01-25,3026
North Dakota,2021-01-26,2693
North Dakota,2021-01-27,2796
North Dakota,2021-01-28,2972
North Dakota,2021-01-29,3153
North Dakota,2021-01-30,3227
North Dakota,2021-01-31,3534
North Dakota,2021-02-01,3463
North Dakota,2021-02-02,3505
North Dakota,2021-02-03,3763
North Dakota,2021-02-04,3836
North Dakota,2021-02-05,3807
North Dakota,2021-02-06,4165
North Dakota,2021-02-07,4130
North Dakota,2021-02-08,4328
North Dakota,2021-02-09,4256
North Dakota,2021-02-10,3778
North Dakota,2021-02-11,3817
North Dakota,2021-02-12,3795
North Dakota,2021-02-13,3348
North Dakota,2021-02-14,3156
North Dakota,2021-02-15,3056
North Dakota,2021-02-16,3378
North Dakota,2021-02-17,3438
North Dakota,2021-02-18,3305
North Dakota,2021-02-19,6133
North Dakota,2021-02-20,6331
North Dakota,2021-02-21,6499
North Dakota,2021-02-22,6456
North Dakota,2021-02-23,6164
North Dakota,2021-02-24,6532
North Dakota,2021-02-25,6737
North Dakota,2021-02-26,4329
North Dakota,2021-02-27,5262
North Dakota,2021-02-28,5686
North Dakota,2021-03-01,6031
North Dakota,2021-03-02,6039
North Dakota,2021-03-03,5910
North Dakota,2021-03-04,6054
North Dakota,2021-03-05,6094
North Dakota,2021-03-06,5543
North Dakota,2021-03-07,5502
North Dakota,2021-03-08,5343
North Dakota,2021-03-09,5571
North Dakota,2021-03-10,5654
North Dakota,2021-03-11,5744
North Dakota,2021-03-12,6046
North Dakota,2021-03-13,6367
North Dakota,2021-03-14,6330
North Dakota,2021-03-15,6527
North Dakota,2021-03-16,6264
North Dakota,2021-03-17,6349
North Dakota,2021-03-18,6289
North Dakota,2021-03-19,6136
North Dakota,2021-03-20,6001
North Dakota,2021-03-21,5744
North Dakota,2021-03-22,5546
North Dakota,2021-03-23,5557
North Dakota,2021-03-24,5421
North Dakota,2021-03-25,5502
North Dakota,2021-03-26,5573
North Dakota,2021-03-27,5722
North Dakota,2021-03-28,5798
North Dakota,2021-03-29,5875
North Dakota,2021-03-30,7191
North Dakota,2021-03-31,7177
North Dakota,2021-04-01,7208
North Dakota,2021-04-02,7710
North Dakota,2021-04-03,7844
North Dakota,2021-04-04,7324
North Dakota,2021-04-05,7022
North Dakota,2021-04-06,6000
North Dakota,2021-04-07,6150
North Dakota,2021-04-08,6216
North Dakota,2021-04-09,5869
North Dakota,2021-04-10,5591
North Dakota,2021-04-11,6049
North Dakota,2021-04-12,6493
North Dakota,2021-04-13,6200
North Dakota,2021-04-14,6081
North Dakota,2021-04-15,5991
North Dakota,2021-04-16,5393
North Dakota,2021-04-17,4987
North Dakota,2021-04-18,4873
North Dakota,2021-04-19,4520
North Dakota,2021-04-20,4514
North Dakota,2021-04-21,4546
North Dakota,2021-04-22,4218
North Dakota,2021-04-23,4064
Ohio,2021-01-13,17428
Ohio,2021-01-14,18267
Ohio,2021-01-15,21179
Ohio,2021-01-16,21926
Ohio,2021-01-17,22373
Ohio,2021-01-18,22672
Ohio,2021-01-19,22885
Ohio,2021-01-20,22595
Ohio,2021-01-21,19865
Ohio,2021-01-22,24296
Ohio,2021-01-23,27905
Ohio,2021-01-24,31907
Ohio,2021-01-25,33957
Ohio,2021-01-26,33706
Ohio,2021-01-27,36967
Ohio,2021-01-28,43198
Ohio,2021-01-29,42514
Ohio,2021-01-30,45154
Ohio,2021-01-31,43844
Ohio,2021-02-01,45572
Ohio,2021-02-02,48159
Ohio,2021-02-03,48449
Ohio,2021-02-04,48316
Ohio,2021-02-05,47734
Ohio,2021-02-06,47355
Ohio,2021-02-07,48565
Ohio,2021-02-08,48814
Ohio,2021-02-09,46941
Ohio,2021-02-10,45864
Ohio,2021-02-11,47299
Oklahoma,2021-01-13,14560
Oklahoma,2021-01-14,14712
Oklahoma,2021-01-15,15189
Oklahoma,2021-01-16,13809
Oklahoma,2021-01-17,12982
Oklahoma,2021-01-18,12430
Oklahoma,2021-01-19,12036
Oklahoma,2021-01-20,11326
Oklahoma,2021-01-21,11453
Oklahoma,2021-01-22,12013
Oklahoma,2021-01-23,13104
Oklahoma,2021-01-24,14294
Oklahoma,2021-01-25,13446
Oklahoma,2021-01-26,12397
Oklahoma,2021-01-27,13351
Oklahoma,2021-01-28,13688
Oklahoma,2021-01-29,14169
Oklahoma,2021-01-30,15071
Oklahoma,2021-01-31,16454
Oklahoma,2021-02-01,16719
Oklahoma,2021-02-02,16686
Oklahoma,2021-02-03,16757
Oklahoma,2021-02-04,17304
Oklahoma,2021-02-05,17715
Oklahoma,2021-02-06,18707
Oklahoma,2021-02-07,19394
Oklahoma,2021-02-08,20353
Oklahoma,2021-02-09,20362
Oklahoma,2021-02-10,20567
Oklahoma,2021-02-11,20568
Oklahoma,2021-02-12,18523
Oklahoma,2021-02-13,17083
Oklahoma,2021-02-14,15515
Oklahoma,2021-02-15,14633
Oklahoma,2021-02-16,15201
Oklahoma,2021-02-17,12862
Oklahoma,2021-02-18,10297
Oklahoma,2021-02-19,24738
Oklahoma,2021-02-20,24295
Oklahoma,2021-02-21,26230
Oklahoma,2021-02-22,28963
Oklahoma,2021-02-23,30281
Oklahoma,2021-02-24,34146
Oklahoma,2021-02-25,38155
Oklahoma,2021-02-26,27507
Oklahoma,2021-02-27,30870
Oklahoma,2021-02-28,32772
Oklahoma,2021-03-01,32546
Oklahoma,2021-03-02,31154
Oklahoma,2021-03-03,30339
Oklahoma,2021-03-04,30556
Oklahoma,2021-03-05,29568
Oklahoma,2021-03-06,28451
Oklahoma,2021-03-07,26152
Oklahoma,2021-03-08,25941
Oklahoma,2021-03-09,26087
Oklahoma,2021-03-10,26712
Oklahoma,2021-03-11,26214
Oklahoma,2021-03-12,26463
Oklahoma,2021-03-13,27045
Oklahoma,2021-03-14,26681
Oklahoma,2021-03-15,26094
Oklahoma,2021-03-16,25874
Oklahoma,2021-03-17,26397
Oklahoma,2021-03-18,26679
Oklahoma,2021-03-19,26681
Oklahoma,2021-03-20,25823
Oklahoma,2021-03-21,26777
Oklahoma,2021-03-22,27323
Oklahoma,2021-03-23,27762
Oklahoma,2021-03-24,28278
Oklahoma,2021-03-25,28856
Oklahoma,2021-03-26,29329
Oklahoma,2021-03-27,30199
Oklahoma,2021-03-28,30996
Oklahoma,2021-03-29,30493
Oklahoma,2021-03-30,30403
Oklahoma,2021-03-31,30375
Oklahoma,2021-04-01,31628
Oklahoma,2021-04-02,32972
Oklahoma,2021-04-03,34529
Oklahoma,2021-04-04,33960
Oklahoma,2021-04-05,33536
Oklahoma,2021-04-06,33326
Oklahoma,2021-04-07,33379
Oklahoma,2021-04-08,31921
Oklahoma,2021-04-09,30615
Oklahoma,2021-04-10,29217
Oklahoma,2021-04-11,29292
Oklahoma,2021-04-12,29617
Oklahoma,2021-04-13,31261
Oklahoma,2021-04-14,27542
Oklahoma,2021-04-15,26724
Oklahoma,2021-04-16,25737
Oklahoma,2021-04-17,24368
Oklahoma,2021-04-18,23227
Oklahoma,2021-04-19,24318
Oklahoma,2021-04-20,22681
Oklahoma,2021-04-21,24146
Oklahoma,2021-04-22,22935
Oklahoma,2021-04-23,21338
Oregon,2021-01-13,10465
Oregon,2021-01-14,12593
Oregon,2021-01-15,13848
Oregon,2021-01-16,14809
Oregon,2021-01-17,15386
Oregon,2021-01-18,15771
Oregon,2021-01-19,16045
Oregon,2021-01-20,14550
Oregon,2021-01-21,12447
Oregon,2021-01-22,15365
Oregon,2021-01-23,15231
Oregon,2021-01-24,14912
Oregon,2021-01-25,14492
Oregon,2021-01-26,13020
Oregon,2021-01-27,15509
Oregon,2021-01-28,17636
Oregon,2021-01-29,15098
Oregon,2021-01-30,15990
Oregon,2021-01-31,17424
Oregon,2021-02-01,17564
Oregon,2021-02-02,18605
Oregon,2021-02-03,18397
Oregon,2021-02-04,18800
Oregon,2021-02-05,18252
Oregon,2021-02-06,18212
Oregon,2021-02-07,17837
Oregon,2021-02-08,18688
Oregon,2021-02-09,19199
Oregon,2021-02-10,19252
Oregon,2021-02-11,16722
Oregon,2021-02-12,14555
Oregon,2021-02-13,20151
Oregon,2021-02-14,19796
Oregon,2021-02-15,17689
Oregon,2021-02-16,16074
Oregon,2021-02-17,14821
Oregon,2021-02-18,17076
Oregon,2021-02-19,25515
Oregon,2021-02-20,20550
Oregon,2021-02-21,21486
Oregon,2021-02-22,23706
Oregon,2021-02-23,25678
Oregon,2021-02-24,24710
Oregon,2021-02-25,25852
Oregon,2021-02-26,22889
Oregon,2021-02-27,23699
Oregon,2021-02-28,24669
Oregon,2021-03-01,25692
Oregon,2021-03-02,24769
Oregon,2021-03-03,26330
Oregon,2021-03-04,26216
Oregon,2021-03-05,24302
Oregon,2021-03-06,25313
Oregon,2021-03-07,25491
Oregon,2021-03-08,25090
Oregon,2021-03-09,26234
Oregon,2021-03-10,26968
Oregon,2021-03-11,23823
Oregon,2021-03-12,24816
Oregon,2021-03-13,28025
Oregon,2021-03-14,27662
Oregon,2021-03-15,26874
Oregon,2021-03-16,27186
Oregon,2021-03-17,25040
Oregon,2021-03-18,27615
Oregon,2021-03-19,30248
Oregon,2021-03-20,27132
Oregon,2021-03-21,27787
Oregon,2021-03-22,28092
Oregon,2021-03-23,27795
Oregon,2021-03-24,30373
Oregon,2021-03-25,31997
Oregon,2021-03-26,30188
Oregon,2021-03-27,30513
Oregon,2021-03-28,30276
Oregon,2021-03-29,31159
Oregon,2021-03-30,30664
Oregon,2021-03-31,32486
Oregon,2021-04-01,33798
Oregon,2021-04-02,35202
Oregon,2021-04-03,35846
Oregon,2021-04-04,37298
Oregon,2021-04-05,37733
Oregon,2021-04-06,38255
Oregon,2021-04-07,38472
Oregon,2021-04-08,38117
Oregon,2021-04-09,38684
Oregon,2021-04-10,39680
Oregon,2021-04-11,41121
Oregon,2021-04-12,41357
Oregon,2021-04-13,42152
Oregon,2021-04-14,41717
Oregon,2021-04-15,42187
Oregon,2021-04-16,41370
Oregon,2021-04-17,40484
Oregon,2021-04-18,39079
Oregon,2021-04-19,38857
Oregon,2021-04-20,38493
Oregon,2021-04-21,37885
Oregon,2021-04-22,32242
Oregon,2021-04-23,38384
Pennsylvania,2021-01-13,37996
Pennsylvania,2021-01-14,34233
Pennsylvania,2021-01-15,35401
Pennsylvania,2021-01-16,32567
Pennsylvania,2021-01-17,30867
Pennsylvania,2021-01-18,29734
Pennsylvania,2021-01-19,28924
Pennsylvania,2021-01-20,26959
Pennsylvania,2021-01-21,27859
Pennsylvania,2021-01-22,29248
Pennsylvania,2021-01-23,31950
Pennsylvania,2021-01-24,35472
Pennsylvania,2021-01-25,36636
Pennsylvania,2021-01-26,36563
Pennsylvania,2021-01-27,40474
Pennsylvania,2021-01-28,35849
Pennsylvania,2021-01-29,45694
Pennsylvania,2021-01-30,48079
Pennsylvania,2021-02-03,43730
Pennsylvania,2021-02-05,42684
Pennsylvania,2021-02-06,43724
Pennsylvania,2021-02-07,45667
Pennsylvania,2021-02-08,43882
Pennsylvania,2021-02-09,46034
Pennsylvania,2021-02-13,48534
Rhode Island,2021-01-13,2460
Rhode Island,2021-01-14,2652
Rhode Island,2021-01-15,2660
Rhode Island,2021-01-16,2403
Rhode Island,2021-01-17,2249
Rhode Island,2021-01-18,2147
Rhode Island,2021-01-19,2073
Rhode Island,2021-01-20,2084
Rhode Island,2021-01-21,2020
Rhode Island,2021-01-22,2061
Rhode Island,2021-01-23,2010
Rhode Island,2021-01-24,2393
Rhode Island,2021-01-25,2567
Rhode Island,2021-01-26,2598
Rhode Island,2021-01-27,2810
Rhode Island,2021-01-28,3018
Rhode Island,2021-01-29,3090
Rhode Island,2021-01-30,3549
Rhode Island,2021-01-31,3373
Rhode Island,2021-02-01,3403
Rhode Island,2021-02-02,3897
Rhode Island,2021-02-03,3599
Rhode Island,2021-02-04,3391
Rhode Island,2021-02-05,3335
Rhode Island,2021-02-06,3391
Rhode Island,2021-02-07,3699
Rhode Island,2021-02-08,3749
Rhode Island,2021-02-09,3220
Rhode Island,2021-02-10,3355
Rhode Island,2021-02-11,3436
Rhode Island,2021-02-12,3566
Rhode Island,2021-02-13,3582
Rhode Island,2021-02-14,3441
Rhode Island,2021-02-15,3372
Rhode Island,2021-02-16,3563
Rhode Island,2021-02-17,3782
Rhode Island,2021-02-18,4571
Rhode Island,2021-02-19,7116
Rhode Island,2021-02-20,7713
Rhode Island,2021-02-21,8210
Rhode Island,2021-02-22,8850
Rhode Island,2021-02-23,9234
Rhode Island,2021-02-24,9580
Rhode Island,2021-02-25,9538
Rhode Island,2021-02-26,7595
Rhode Island,2021-02-27,7816
Rhode Island,2021-02-28,8304
Rhode Island,2021-03-01,9068
Rhode Island,2021-03-02,9163
Rhode Island,2021-03-03,9181
Rhode Island,2021-03-04,9181
Rhode Island,2021-03-05,9377
Rhode Island,2021-03-06,9240
Rhode Island,2021-03-07,8945
Rhode Island,2021-03-08,8174
Rhode Island,2021-03-09,8258
Rhode Island,2021-03-10,8319
Rhode Island,2021-03-11,8574
Rhode Island,2021-03-12,8425
Rhode Island,2021-03-13,8162
Rhode Island,2021-03-14,7832
Rhode Island,2021-03-15,8813
Rhode Island,2021-03-16,9034
Rhode Island,2021-03-17,8864
Rhode Island,2021-03-18,8677
Rhode Island,2021-03-19,9414
Rhode Island,2021-03-20,10437
Rhode Island,2021-03-21,11485
Rhode Island,2021-03-22,11541
Rhode Island,2021-03-23,11886
Rhode Island,2021-03-24,12143
Rhode Island,2021-03-25,12251
Rhode Island,2021-03-26,11671
Rhode Island,2021-03-27,10680
Rhode Island,2021-03-28,10214
Rhode Island,2021-03-29,9890
Rhode Island,2021-03-30,10387
Rhode Island,2021-03-31,10163
Rhode Island,2021-04-01,9863
Rhode Island,2021-04-02,10945
Rhode Island,2021-04-03,11564
Rhode Island,2021-04-04,12174
Rhode Island,2021-04-05,12590
Rhode Island,2021-04-06,12646
Rhode Island,2021-04-07,12804
Rhode Island,2021-04-08,13191
Rhode Island,2021-04-09,11933
Rhode Island,2021-04-10,12049
Rhode Island,2021-04-11,12187
Rhode Island,2021-04-12,11832
Rhode Island,2021-04-13,12299
Rhode Island,2021-04-14,12045
Rhode Island,2021-04-15,11917
Rhode Island,2021-04-16,12605
Rhode Island,2021-04-17,12017
Rhode Island,2021-04-18,11353
Rhode Island,2021-04-19,11191
Rhode Island,2021-04-20,10560
Rhode Island,2021-04-21,10643
Rhode Island,2021-04-22,10943
Rhode Island,2021-04-23,10478
South Carolina,2021-01-13,18812
South Carolina,2021-01-14,17390
South Carolina,2021-01-15,13587
South Carolina,2021-01-16,14274
South Carolina,2021-01-17,14686
South Carolina,2021-01-18,14961
South Carolina,2021-01-19,15157
South Carolina,2021-01-20,13246
South Carolina,2021-01-21,13397
South Carolina,2021-01-22,15309
South Carolina,2021-01-23,15855
South Carolina,2021-01-24,17756
South Carolina,2021-01-25,19501
South Carolina,2021-01-26,18577
South Carolina,2021-01-27,19197
South Carolina,2021-01-28,21474
South Carolina,2021-01-29,22308
South Carolina,2021-01-30,22672
South Carolina,2021-01-31,22964
South Carolina,2021-02-01,22200
South Carolina,2021-02-02,21926
South Carolina,2021-02-03,21745
South Carolina,2021-02-04,19641
South Carolina,2021-02-05,19105
South Carolina,2021-02-06,19288
South Carolina,2021-02-07,18482
South Carolina,2021-02-08,17563
South Carolina,2021-02-09,16428
South Carolina,2021-02-10,18409
South Carolina,2021-02-11,18723
South Carolina,2021-02-12,18640
South Carolina,2021-02-13,18852
South Carolina,2021-02-14,19324
South Carolina,2021-02-15,19377
South Carolina,2021-02-16,21826
South Carolina,2021-02-17,21051
South Carolina,2021-02-18,21374
South Carolina,2021-02-19,28383
South Carolina,2021-02-20,29276
South Carolina,2021-02-21,29498
South Carolina,2021-02-22,30180
South Carolina,2021-02-23,28951
South Carolina,2021-02-24,31183
South Carolina,2021-02-25,31394
South Carolina,2021-02-26,25323
South Carolina,2021-02-27,25456
South Carolina,2021-02-28,25126
South Carolina,2021-03-01,26318
South Carolina,2021-03-02,25988
South Carolina,2021-03-03,25214
South Carolina,2021-03-04,29268
South Carolina,2021-03-05,29580
South Carolina,2021-03-06,32372
South Carolina,2021-03-07,37254
South Carolina,2021-03-08,37671
South Carolina,2021-03-09,39188
South Carolina,2021-03-10,38974
South Carolina,2021-03-11,36988
South Carolina,2021-03-12,37286
South Carolina,2021-03-13,42704
South Carolina,2021-03-14,33739
South Carolina,2021-03-15,34049
South Carolina,2021-03-16,32823
South Carolina,2021-03-17,32287
South Carolina,2021-03-18,32077
South Carolina,2021-03-19,32890
South Carolina,2021-03-20,23144
South Carolina,2021-03-21,29971
South Carolina,2021-03-22,30873
South Carolina,2021-03-23,31570
South Carolina,2021-03-24,34354
South Carolina,2021-03-25,34308
South Carolina,2021-03-26,35166
South Carolina,2021-03-27,38867
South Carolina,2021-03-28,39026
South Carolina,2021-03-29,39172
South Carolina,2021-03-30,39475
South Carolina,2021-03-31,37281
South Carolina,2021-04-01,37873
South Carolina,2021-04-02,39066
South Carolina,2021-04-03,32412
South Carolina,2021-04-04,34131
South Carolina,2021-04-05,31363
South Carolina,2021-04-06,31075
South Carolina,2021-04-07,33071
South Carolina,2021-04-08,42821
South Carolina,2021-04-09,42327
South Carolina,2021-04-15,40594
South Carolina,2021-04-16,40023
South Carolina,2021-04-17,39252
South Carolina,2021-04-18,36420
South Carolina,2021-04-19,36181
South Carolina,2021-04-20,36471
South Carolina,2021-04-21,35666
South Carolina,2021-04-22,30060
South Carolina,2021-04-23,28852
South Dakota,2021-01-13,2014
South Dakota,2021-01-14,2793
South Dakota,2021-01-15,2802
South Dakota,2021-01-16,2352
South Dakota,2021-01-17,2082
South Dakota,2021-01-18,1902
South Dakota,2021-01-19,1774
South Dakota,2021-01-20,1687
South Dakota,2021-01-21,1585
South Dakota,2021-01-22,1934
South Dakota,2021-01-23,2728
South Dakota,2021-01-24,3048
South Dakota,2021-01-25,3200
South Dakota,2021-01-26,3101
South Dakota,2021-01-27,3495
South Dakota,2021-01-28,3771
South Dakota,2021-01-29,3798
South Dakota,2021-01-30,3664
South Dakota,2021-01-31,3646
South Dakota,2021-02-01,3596
South Dakota,2021-02-02,3597
South Dakota,2021-02-03,3426
South Dakota,2021-02-04,3414
South Dakota,2021-02-05,3480
South Dakota,2021-02-06,3535
South Dakota,2021-02-07,3640
South Dakota,2021-02-08,3626
South Dakota,2021-02-09,3604
South Dakota,2021-02-10,3639
South Dakota,2021-02-11,3722
South Dakota,2021-02-12,3868
South Dakota,2021-02-13,3919
South Dakota,2021-02-14,4112
South Dakota,2021-02-15,4069
South Dakota,2021-02-16,4236
South Dakota,2021-02-17,4204
South Dakota,2021-02-18,4206
South Dakota,2021-02-19,9933
South Dakota,2021-02-20,10117
South Dakota,2021-02-21,10357
South Dakota,2021-02-22,10630
South Dakota,2021-02-23,10621
South Dakota,2021-02-24,10978
South Dakota,2021-02-25,11292
South Dakota,2021-02-26,5908
South Dakota,2021-02-27,6206
South Dakota,2021-02-28,6509
South Dakota,2021-03-01,6587
South Dakota,2021-03-02,6478
South Dakota,2021-03-03,6421
South Dakota,2021-03-04,6364
South Dakota,2021-03-05,6404
South Dakota,2021-03-06,6470
South Dakota,2021-03-07,6382
South Dakota,2021-03-08,6314
South Dakota,2021-03-09,6313
South Dakota,2021-03-10,6343
South Dakota,2021-03-11,6400
South Dakota,2021-03-12,6376
South Dakota,2021-03-13,6584
South Dakota,2021-03-14,7158
South Dakota,2021-03-15,7462
South Dakota,2021-03-16,7593
South Dakota,2021-03-17,7561
South Dakota,2021-03-18,7633
South Dakota,2021-03-19,7771
South Dakota,2021-03-20,7684
South Dakota,2021-03-21,7392
South Dakota,2021-03-22,7082
South Dakota,2021-03-23,7016
South Dakota,2021-03-24,7329
South Dakota,2021-03-25,7450
South Dakota,2021-03-26,7666
South Dakota,2021-03-27,8172
South Dakota,2021-03-28,8244
South Dakota,2021-03-29,8567
South Dakota,2021-03-30,8643
South Dakota,2021-03-31,8616
South Dakota,2021-04-01,8563
South Dakota,2021-04-02,8334
South Dakota,2021-04-03,8319
South Dakota,2021-04-04,8200
South Dakota,2021-04-05,7912
South Dakota,2021-04-06,7812
South Dakota,2021-04-07,7690
South Dakota,2021-04-08,7883
South Dakota,2021-04-09,7961
South Dakota,2021-04-10,7761
South Dakota,2021-04-11,7788
South Dakota,2021-04-12,7783
South Dakota,2021-04-13,7829
South Dakota,2021-04-14,7642
South Dakota,2021-04-15,7354
South Dakota,2021-04-16,6960
South Dakota,2021-04-17,6214
South Dakota,2021-04-18,5888
South Dakota,2021-04-19,5851
South Dakota,2021-04-20,5827
South Dakota,2021-04-21,5688
South Dakota,2021-04-22,5552
South Dakota,2021-04-23,5842
Tennessee,2021-01-13,13456
Tennessee,2021-01-14,6728
Tennessee,2021-01-15,17360
Tennessee,2021-01-16,16050
Tennessee,2021-01-17,15264
Tennessee,2021-01-18,14740
Tennessee,2021-01-19,14365
Tennessee,2021-01-20,13403
Tennessee,2021-01-21,15851
Tennessee,2021-01-22,14037
Tennessee,2021-01-23,15528
Tennessee,2021-01-24,17781
Tennessee,2021-01-25,17565
Tennessee,2021-01-26,16589
Tennessee,2021-01-27,18443
Tennessee,2021-01-28,19197
Tennessee,2021-01-29,20618
Tennessee,2021-01-30,21427
Tennessee,2021-01-31,22453
Tennessee,2021-02-01,23609
Tennessee,2021-02-02,23422
Tennessee,2021-02-03,24312
Tennessee,2021-02-04,24885
Tennessee,2021-02-05,24652
Tennessee,2021-02-06,25451
Tennessee,2021-02-07,25973
Tennessee,2021-02-08,25401
Tennessee,2021-02-09,25742
Tennessee,2021-02-10,25981
Tennessee,2021-02-11,26016
Tennessee,2021-02-12,26161
Tennessee,2021-02-13,24927
Tennessee,2021-02-14,25152
Tennessee,2021-02-15,24902
Tennessee,2021-02-16,25844
Tennessee,2021-02-17,22833
Tennessee,2021-02-18,21143
Tennessee,2021-02-19,25995
Tennessee,2021-02-20,24434
Tennessee,2021-02-21,21434
Tennessee,2021-02-22,21542
Tennessee,2021-02-23,20978
Tennessee,2021-02-24,25211
Tennessee,2021-02-25,27973
Tennessee,2021-02-26,24822
Tennessee,2021-02-27,29100
Tennessee,2021-02-28,34609
Tennessee,2021-03-01,37689
Tennessee,2021-03-02,37967
Tennessee,2021-03-03,39929
Tennessee,2021-03-04,40345
Tennessee,2021-03-05,40442
Tennessee,2021-03-06,39889
Tennessee,2021-03-07,39317
Tennessee,2021-03-08,37799
Tennessee,2021-03-09,37434
Tennessee,2021-03-10,36573
Tennessee,2021-03-11,37837
Tennessee,2021-03-12,38803
Tennessee,2021-03-13,40729
Tennessee,2021-03-14,40964
Tennessee,2021-03-15,41875
Tennessee,2021-03-16,41859
Tennessee,2021-03-17,42292
Tennessee,2021-03-18,42438
Tennessee,2021-03-19,40257
Tennessee,2021-03-20,39428
Tennessee,2021-03-21,39601
Tennessee,2021-03-22,39909
Tennessee,2021-03-23,40768
Tennessee,2021-03-24,41431
Tennessee,2021-03-25,42730
Tennessee,2021-03-26,46101
Tennessee,2021-03-27,47993
Tennessee,2021-04-06,48357
Tennessee,2021-04-07,47661
Tennessee,2021-04-08,47562
Tennessee,2021-04-09,47574
Tennessee,2021-04-10,46515
Tennessee,2021-04-14,47404
Tennessee,2021-04-15,46278
Tennessee,2021-04-16,46105
Tennessee,2021-04-17,44570
Tennessee,2021-04-18,43957
Tennessee,2021-04-19,42471
Tennessee,2021-04-20,42620
Tennessee,2021-04-21,46225
Tennessee,2021-04-22,45368
Tennessee,2021-04-23,43777
Utah,2021-01-13,8811
Utah,2021-01-14,10080
Utah,2021-01-15,10995
Utah,2021-01-16,10433
Utah,2021-01-17,10096
Utah,2021-01-18,9872
Utah,2021-01-19,9711
Utah,2021-01-20,11108
Utah,2021-01-21,10599
Utah,2021-01-22,10646
Utah,2021-01-23,9396
Utah,2021-01-24,8146
Utah,2021-01-25,10650
Utah,2021-01-26,9602
Utah,2021-01-27,8288
Utah,2021-01-28,7176
Utah,2021-01-29,9771
Utah,2021-01-30,11967
Utah,2021-01-31,11967
Utah,2021-02-01,13432
Utah,2021-02-02,13460
Utah,2021-02-03,12118
Utah,2021-02-04,16237
Utah,2021-02-05,15053
Utah,2021-02-06,16255
Utah,2021-02-07,16255
Utah,2021-02-08,26228
Utah,2021-02-09,26519
Utah,2021-02-10,26519
Utah,2021-02-11,22400
Utah,2021-02-12,19110
Utah,2021-02-13,15712
Utah,2021-02-14,15712
Utah,2021-02-15,2117
Utah,2021-02-16,3195
Utah,2021-02-17,3195
Utah,2021-02-18,5925
Utah,2021-02-19,10626
Utah,2021-02-20,14258
Utah,2021-02-21,14330
Utah,2021-02-22,12775
Utah,2021-02-23,11202
Utah,2021-02-24,13791
Utah,2021-02-25,15753
Utah,2021-02-26,11132
Utah,2021-02-27,11115
Utah,2021-02-28,11132
Utah,2021-03-01,11090
Utah,2021-03-02,15893
Utah,2021-03-03,16677
Utah,2021-03-04,12054
Utah,2021-03-05,19168
Utah,2021-03-06,20651
Utah,2021-03-07,20666
Utah,2021-03-08,20744
Utah,2021-03-09,22533
Utah,2021-03-10,22455
Utah,2021-03-11,22481
Utah,2021-03-12,21233
Utah,2021-03-13,20756
Utah,2021-03-14,24904
Utah,2021-03-15,24981
Utah,2021-03-16,21514
Utah,2021-03-17,21321
Utah,2021-03-18,23713
Utah,2021-03-19,17836
Utah,2021-03-20,13321
Utah,2021-03-21,18551
Utah,2021-03-22,18418
Utah,2021-03-23,17887
Utah,2021-03-24,18045
Utah,2021-03-25,20569
Utah,2021-03-26,20557
Utah,2021-03-27,29228
Utah,2021-03-28,19825
Utah,2021-03-29,19812
Utah,2021-03-30,24488
Utah,2021-03-31,21261
Utah,2021-04-01,23888
Utah,2021-04-02,23873
Utah,2021-04-03,27210
Utah,2021-04-04,27210
Utah,2021-04-05,31799
Utah,2021-04-06,27333
Utah,2021-04-07,30872
Utah,2021-04-08,27485
Utah,2021-04-09,33365
Utah,2021-04-10,28023
Utah,2021-04-11,28016
Utah,2021-04-12,23532
Utah,2021-04-13,29635
Utah,2021-04-14,30312
Utah,2021-04-15,30139
Utah,2021-04-16,28867
Utah,2021-04-17,29835
Utah,2021-04-18,29790
Utah,2021-04-19,36389
Utah,2021-04-20,27457
Utah,2021-04-21,25933
Utah,2021-04-22,26634
Utah,2021-04-23,26964
Vermont,2021-01-13,3814
Vermont,2021-01-14,1907
Vermont,2021-01-15,2238
Vermont,2021-01-16,2185
Vermont,2021-01-17,2154
Vermont,2021-01-18,2133
Vermont,2021-01-19,2118
Vermont,2021-01-20,1606
Vermont,2021-01-21,1895
Vermont,2021-01-22,1997
Vermont,2021-01-23,2133
Vermont,2021-01-24,2192
Vermont,2021-01-25,2153
Vermont,2021-01-26,1976
Vermont,2021-01-27,2080
Vermont,2021-01-28,2291
Vermont,2021-01-29,2184
Vermont,2021-01-30,2050
Vermont,2021-01-31,2187
Vermont,2021-02-01,2686
Vermont,2021-02-02,2801
Vermont,2021-02-03,2763
Vermont,2021-02-04,2618
Vermont,2021-02-05,2617
Vermont,2021-02-06,2745
Vermont,2021-02-07,2857
Vermont,2021-02-08,2557
Vermont,2021-02-09,2717
Vermont,2021-02-10,2735
Vermont,2021-02-11,2816
Vermont,2021-02-12,2855
Vermont,2021-02-13,2818
Vermont,2021-02-14,2801
Vermont,2021-02-15,2937
Vermont,2021-02-16,3136
Vermont,2021-02-17,3157
Vermont,2021-02-18,3039
Vermont,2021-02-19,3940
Vermont,2021-02-20,4199
Vermont,2021-02-21,4337
Vermont,2021-02-22,4364
Vermont,2021-02-23,4157
Vermont,2021-02-24,4144
Vermont,2021-02-25,4235
Vermont,2021-02-26,3417
Vermont,2021-02-27,3545
Vermont,2021-02-28,3631
Vermont,2021-03-01,3802
Vermont,2021-03-02,3925
Vermont,2021-03-03,4030
Vermont,2021-03-04,3991
Vermont,2021-03-05,4006
Vermont,2021-03-06,3914
Vermont,2021-03-07,4139
Vermont,2021-03-08,4384
Vermont,2021-03-09,4620
Vermont,2021-03-10,4847
Vermont,2021-03-11,5185
Vermont,2021-03-12,5416
Vermont,2021-03-13,6755
Vermont,2021-03-14,5726
Vermont,2021-03-15,5771
Vermont,2021-03-16,5697
Vermont,2021-03-17,5650
Vermont,2021-03-18,5768
Vermont,2021-03-19,5953
Vermont,2021-03-20,4930
Vermont,2021-03-21,6082
Vermont,2021-03-22,5469
Vermont,2021-03-23,5611
Vermont,2021-03-24,5674
Vermont,2021-03-25,5463
Vermont,2021-03-26,5360
Vermont,2021-03-27,5303
Vermont,2021-03-28,5117
Vermont,2021-03-29,5532
Vermont,2021-03-30,5762
Vermont,2021-03-31,6010
Vermont,2021-04-01,6142
Vermont,2021-04-02,6412
Vermont,2021-04-03,8113
Vermont,2021-04-04,7249
Vermont,2021-04-05,7727
Vermont,2021-04-06,7553
Vermont,2021-04-07,7317
Vermont,2021-04-08,7337
Vermont,2021-04-09,7576
Vermont,2021-04-10,6635
Vermont,2021-04-11,7996
Vermont,2021-04-12,8247
Vermont,2021-04-13,9302
Vermont,2021-04-14,8735
Vermont,2021-04-15,9017
Vermont,2021-04-16,8835
Vermont,2021-04-17,7177
Vermont,2021-04-18,8302
Vermont,2021-04-19,7834
Vermont,2021-04-20,7199
Vermont,2021-04-21,7904
Vermont,2021-04-22,7746
Vermont,2021-04-23,7185
Virginia,2021-01-13,27229
Virginia,2021-01-14,13614
Virginia,2021-01-15,17876
Virginia,2021-01-16,18573
Virginia,2021-01-17,18991
Virginia,2021-01-18,19270
Virginia,2021-01-19,19470
Virginia,2021-01-20,17933
Virginia,2021-01-21,20608
Virginia,2021-01-22,22459
Virginia,2021-01-23,23485
Virginia,2021-01-24,23729
Virginia,2021-01-25,25249
Virginia,2021-01-26,38276
Virginia,2021-01-27,40808
Virginia,2021-01-28,43758
Virginia,2021-01-29,46189
Virginia,2021-02-02,43769
Virginia,2021-02-03,41989
Virginia,2021-02-04,40095
Virginia,2021-02-05,38440
Virginia,2021-02-06,38094
Virginia,2021-02-07,38593
Virginia,2021-02-08,37831
Virginia,2021-02-09,37197
Virginia,2021-02-10,37771
Virginia,2021-02-11,39162
Virginia,2021-02-12,40141
Virginia,2021-02-13,39675
Virginia,2021-02-14,35980
Virginia,2021-02-15,36818
Virginia,2021-02-16,38559
Virginia,2021-02-17,38966
Virginia,2021-02-18,40084
Virginia,2021-02-20,48702
Virginia,2021-02-22,48869
Virginia,2021-02-23,47775
Virginia,2021-02-26,39615
Virginia,2021-02-27,47360
Washington,2021-01-13,12671
Washington,2021-01-14,14836
Washington,2021-01-15,15680
Washington,2021-01-16,16672
Washington,2021-01-17,17267
Washington,2021-01-18,17664
Washington,2021-01-19,17948
Washington,2021-01-20,19790
Washington,2021-01-21,21169
Washington,2021-01-22,22933
Washington,2021-01-23,24963
Washington,2021-01-24,23926
Washington,2021-01-25,26748
Washington,2021-01-26,26630
Washington,2021-01-27,26811
Washington,2021-01-28,28245
Washington,2021-01-29,29134
Washington,2021-01-30,29565
Washington,2021-01-31,33566
Washington,2021-02-01,33117
Washington,2021-02-02,33451
Washington,2021-02-03,33073
Washington,2021-02-04,32318
Washington,2021-02-05,31553
Washington,2021-02-06,31975
Washington,2021-02-07,31539
Washington,2021-02-08,31046
Washington,2021-02-09,29919
Washington,2021-02-10,34713
Washington,2021-02-11,34669
Washington,2021-02-12,36081
Washington,2021-02-13,36287
Washington,2021-02-14,37336
Washington,2021-02-15,35136
Washington,2021-02-16,35726
Washington,2021-02-17,30996
Washington,2021-02-18,30817
Washington,2021-02-19,40241
Washington,2021-02-20,40779
Washington,2021-02-21,39719
Washington,2021-02-22,42211
Washington,2021-02-23,41755
Washington,2021-02-24,41214
Washington,2021-02-25,43809
Washington,2021-02-26,35285
Washington,2021-02-27,37087
Washington,2021-02-28,40672
Washington,2021-03-01,45811
West Virginia,2021-01-13,7379
West Virginia,2021-01-14,7665
West Virginia,2021-01-15,10292
West Virginia,2021-01-16,8872
West Virginia,2021-01-17,8020
West Virginia,2021-01-18,7452
West Virginia,2021-01-19,7047
West Virginia,2021-01-20,6845
West Virginia,2021-01-21,6984
West Virginia,2021-01-22,6651
West Virginia,2021-01-23,8004
West Virginia,2021-01-24,8493
West Virginia,2021-01-25,7992
West Virginia,2021-01-26,8262
West Virginia,2021-01-27,8044
West Virginia,2021-01-28,8151
West Virginia,2021-01-29,8457
West Virginia,2021-01-30,8794
West Virginia,2021-01-31,8127
West Virginia,2021-02-01,8048
West Virginia,2021-02-02,7673
West Virginia,2021-02-03,7591
West Virginia,2021-02-04,7450
West Virginia,2021-02-05,7408
West Virginia,2021-02-06,8353
West Virginia,2021-02-07,8896
West Virginia,2021-02-08,9009
West Virginia,2021-02-09,9030
West Virginia,2021-02-10,9216
West Virginia,2021-02-11,9147
West Virginia,2021-02-12,8515
West Virginia,2021-02-13,8749
West Virginia,2021-02-14,9220
West Virginia,2021-02-15,9532
West Virginia,2021-02-16,9461
West Virginia,2021-02-17,9062
West Virginia,2021-02-18,8965
West Virginia,2021-02-19,12741
West Virginia,2021-02-20,11711
West Virginia,2021-02-21,10990
West Virginia,2021-02-22,10783
West Virginia,2021-02-23,11000
West Virginia,2021-02-24,11210
West Virginia,2021-02-25,11715
West Virginia,2021-02-26,8757
West Virginia,2021-02-27,9710
West Virginia,2021-02-28,9826
West Virginia,2021-03-01,9780
West Virginia,2021-03-02,9413
West Virginia,2021-03-03,9568
West Virginia,2021-03-04,9702
West Virginia,2021-03-05,10366
West Virginia,2021-03-06,9723
West Virginia,2021-03-07,9878
West Virginia,2021-03-08,9765
West Virginia,2021-03-09,9973
West Virginia,2021-03-10,9951
West Virginia,2021-03-11,10386
West Virginia,2021-03-12,11052
West Virginia,2021-03-13,12176
West Virginia,2021-03-14,11842
West Virginia,2021-03-15,11953
West Virginia,2021-03-16,11901
West Virginia,2021-03-17,12035
West Virginia,2021-03-18,11946
West Virginia,2021-03-19,11514
West Virginia,2021-03-20,11010
West Virginia,2021-03-21,11326
West Virginia,2021-03-22,11260
West Virginia,2021-03-23,11387
West Virginia,2021-03-24,11798
West Virginia,2021-03-25,11969
West Virginia,2021-03-26,12408
West Virginia,2021-03-27,12887
West Virginia,2021-03-28,13329
West Virginia,2021-03-29,13257
West Virginia,2021-03-30,13811
West Virginia,2021-03-31,13788
West Virginia,2021-04-01,14691
West Virginia,2021-04-02,15123
West Virginia,2021-04-03,13788
West Virginia,2021-04-04,12827
West Virginia,2021-04-05,12745
West Virginia,2021-04-06,12284
West Virginia,2021-04-07,12078
West Virginia,2021-04-08,11088
West Virginia,2021-04-09,10004
West Virginia,2021-04-10,10465
West Virginia,2021-04-11,11161
West Virginia,2021-04-12,11244
West Virginia,2021-04-13,11212
West Virginia,2021-04-14,11111
West Virginia,2021-04-15,10421
West Virginia,2021-04-16,9691
West Virginia,2021-04-17,8970
West Virginia,2021-04-18,8501
West Virginia,2021-04-19,8434
West Virginia,2021-04-20,8539
West Virginia,2021-04-21,8764
West Virginia,2021-04-22,8781
West Virginia,2021-04-23,8780
Wisconsin,2021-01-13,0
Wisconsin,2021-01-14,6351
Wisconsin,2021-01-15,10850
Wisconsin,2021-01-16,10868
Wisconsin,2021-01-17,10880
Wisconsin,2021-01-18,10887
Wisconsin,2021-01-19,10892
Wisconsin,2021-01-20,12177
Wisconsin,2021-01-21,12686
Wisconsin,2021-01-22,13003
Wisconsin,2021-01-23,14986
Wisconsin,2021-01-24,16663
Wisconsin,2021-01-25,16186
Wisconsin,2021-01-26,14943
Wisconsin,2021-01-27,16147
Wisconsin,2021-01-28,17594
Wisconsin,2021-01-29,20864
Wisconsin,2021-01-30,23517
Wisconsin,2021-01-31,26110
Wisconsin,2021-02-01,28216
Wisconsin,2021-02-02,29134
Wisconsin,2021-02-03,30379
Wisconsin,2021-02-04,26714
Wisconsin,2021-02-05,26898
Wisconsin,2021-02-06,26856
Wisconsin,2021-02-07,35924
Wisconsin,2021-02-08,35695
Wisconsin,2021-02-09,35326
Wisconsin,2021-02-10,35504
Wisconsin,2021-02-11,39623
Wisconsin,2021-02-12,38475
Wisconsin,2021-02-13,39698
Wisconsin,2021-02-14,30412
Wisconsin,2021-02-15,30043
Wisconsin,2021-02-16,31768
Wisconsin,2021-02-17,30827
Wisconsin,2021-02-18,30553
Wisconsin,2021-02-19,38988
Wisconsin,2021-02-20,38929
Wisconsin,2021-02-21,39315
Wisconsin,2021-02-22,39824
Wisconsin,2021-02-23,38279
Wisconsin,2021-02-24,38605
Wisconsin,2021-02-25,39149
Wisconsin,2021-02-26,31793
Wisconsin,2021-02-27,33258
Wisconsin,2021-02-28,34279
Wisconsin,2021-03-01,35514
Wisconsin,2021-03-02,37365
Wisconsin,2021-03-03,38650
Wisconsin,2021-03-04,40300
Wisconsin,2021-03-05,42401
Wisconsin,2021-03-06,42845
Wisconsin,2021-03-07,42786
Wisconsin,2021-03-08,43428
Wisconsin,2021-03-09,41608
Wisconsin,2021-03-10,40936
Wisconsin,2021-03-11,40802
Wisconsin,2021-03-12,41145
Wisconsin,2021-03-14,43257
Wisconsin,2021-03-15,43283
Wisconsin,2021-03-16,45496
Wisconsin,2021-03-17,45875
Wisconsin,2021-03-18,46890
Wisconsin,2021-03-19,46626
Wisconsin,2021-03-20,38826
Wyoming,2021-01-13,1327
Wyoming,2021-01-14,1654
Wyoming,2021-01-15,2093
Wyoming,2021-01-16,1902
Wyoming,2021-01-17,1787
Wyoming,2021-01-18,1710
Wyoming,2021-01-19,1656
Wyoming,2021-01-20,1645
Wyoming,2021-01-21,1362
Wyoming,2021-01-22,1686
Wyoming,2021-01-23,1927
Wyoming,2021-01-24,2200
Wyoming,2021-01-25,2061
Wyoming,2021-01-26,1897
Wyoming,2021-01-27,2017
Wyoming,2021-01-28,2017
Wyoming,2021-01-29,2088
Wyoming,2021-01-30,1658
Wyoming,2021-01-31,2317
Wyoming,2021-02-01,2509
Wyoming,2021-02-02,2526
Wyoming,2021-02-03,2479
Wyoming,2021-02-04,2479
Wyoming,2021-02-05,2607
Wyoming,2021-02-06,3242
Wyoming,2021-02-07,2119
Wyoming,2021-02-08,2534
Wyoming,2021-02-09,2491
Wyoming,2021-02-10,2677
Wyoming,2021-02-11,2677
Wyoming,2021-02-12,3103
Wyoming,2021-02-13,2469
Wyoming,2021-02-14,3892
Wyoming,2021-02-15,3312
Wyoming,2021-02-16,3390
Wyoming,2021-02-17,2953
Wyoming,2021-02-18,3702
Wyoming,2021-02-19,5025
Wyoming,2021-02-20,5703
Wyoming,2021-02-21,4339
Wyoming,2021-02-22,5142
Wyoming,2021-02-23,5140
Wyoming,2021-02-24,5169
Wyoming,2021-02-25,5160
Wyoming,2021-02-26,3038
Wyoming,2021-02-27,3218
Wyoming,2021-02-28,3847
Wyoming,2021-03-01,3015
Wyoming,2021-03-02,2945
Wyoming,2021-03-03,3793
Wyoming,2021-03-04,3093
Wyoming,2021-03-05,3019
Wyoming,2021-03-06,3702
Wyoming,2021-03-07,3091
Wyoming,2021-03-08,4120
Wyoming,2021-03-09,4148
Wyoming,2021-03-10,3895
Wyoming,2021-03-11,3911
Wyoming,2021-03-12,4646
Wyoming,2021-03-13,4085
Wyoming,2021-03-14,4839
Wyoming,2021-03-15,3846
Wyoming,2021-03-16,4022
Wyoming,2021-03-17,3405
Wyoming,2021-03-18,3354
Wyoming,2021-03-19,3072
Wyoming,2021-03-20,2129
Wyoming,2021-03-21,1347
Wyoming,2021-03-22,1279
Wyoming,2021-03-23,3029
Wyoming,2021-03-24,3058
Wyoming,2021-03-25,4124
Wyoming,2021-03-26,3229
Wyoming,2021-03-27,3230
Wyoming,2021-03-28,3243
Wyoming,2021-03-29,5785
Wyoming,2021-03-30,3827
Wyoming,2021-03-31,3855
Wyoming,2021-04-01,3901
Wyoming,2021-04-02,3895
Wyoming,2021-04-03,3894
Wyoming,2021-04-04,6092
Wyoming,2021-04-05,3574
Wyoming,2021-04-06,3758
Wyoming,2021-04-07,3740
Wyoming,2021-04-08,2655
Wyoming,2021-04-09,2633
Wyoming,2021-04-10,2640
Wyoming,2021-04-11,3431
Wyoming,2021-04-12,3400
Wyoming,2021-04-13,3700
Wyoming,2021-04-14,4075
Wyoming,2021-04-15,4058
Wyoming,2021-04-16,4910
Wyoming,2021-04-17,4893
Wyoming,2021-04-18,1857
Wyoming,2021-04-19,1884
Wyoming,2021-04-20,2657
Wyoming,2021-04-21,2260
Wyoming,2021-04-22,2905
Wyoming,2021-04-23,2483
